name;okrug;subject;cityname;vedomstvo;specific;y2017I1.1;y2017I1.2;y2017I1.3;y2017I1.4;y2017I1.5;y2017I1.6;y2017I1.7;y2017I1.8;y2017I1.9;y2017I1.10;y2017I1.11;y2017I1.12;y2017I1.13;y2017I1.14;y2017I1.15;y2017I2.1;y2017I2.2;y2017I2.3;y2017I2.4;y2017I2.5;y2017I2.6;y2017I2.7;y2017I2.8;y2017I2.9;y2017I2.10;y2017I2.11;y2017I2.12;y2017I2.13;y2017I2.14;y2017I2.15;y2017I2.16;y2017I3.1;y2017I3.2;y2017I3.3;y2017I3.4;y2017I3.5;y2017I3.6;y2017I3.7;y2017I3.8;y2017I3.9;y2017I3.10;y2017I3.11;y2017I3.12;y2017I3.13;y2017I4.1;y2017I4.2;y2017I4.3;y2017I4.4;y2017I5.1;y2017I5.2;y2017I5.3;y2017I5.4;y2017I5.5;y2017I5.6;y2017I5.7;y2017I5.8;y2017I6.1;y2017I7.1;y2017I7.2;y2017I7.3;y2017I7.4;y2017I7.5
Московский гуманитарно-экономический университет;1;1;Москва;1;1;0;0;56.34;45.16;0;0;0;0;0;1.15;0;73.58;2.87;56.52;0;28.39;0;3290.22;9.46;0;943.22;10700;3.44;100;380.26;0;0;11.11;0;1;0;0.11;12.48;22.68;0.22;22.47;0;0;1.59;1;0;1.89;0;0;11046.03;100;181.41;189.38;6.99;6.99;0;0;0;0.28;67;102.26;0;65.93;11.36;76.7;0.44;95.16
Российский новый университет;1;1;Москва;1;1;69.31;69.31;58.05;46.49;0;0;0;0;4.62;5.97;100;100;2.26;75.55;0;29;27.84;7584.69;36.54;35.38;792.34;53368.2;5.26;95.13;197.37;0;0;5.17;0;5;1.74;0.95;5.42;4.51;0.34;4.17;0.89;0.75;0;0;0;2.47;0;0;4847.14;82.42;188.38;282.88;7.63;7.3;0;0;0.33;0.36;57;66.65;0;50.15;21.49;67.78;1.25;79.55
Адыгейский государственный университет;6;60;Майкоп;5;1;60.76;60.76;55.46;47.13;0;0;3;0.39;3.69;5.08;22.73;88.74;2.87;72.52;0.06;12.99;33.26;777.55;1.3;5.98;390.59;32631.6;4.29;100;58.94;1;0;9.58;0.8;16;15.85;2.26;13.59;7.16;1.3;5.86;0;0;0;0;1.98;0;1964.6;0;584.43;29.58;145.63;216.34;17.21;0;17.21;0;0;0.39;11.83;163.83;0;74.19;15.9;90.93;6.77;87.56
Алтайский государственный медицинский университет Министерства здравоохранения Российской Федерации;3;9;Барнаул;9;4;74.11;74.04;59.14;44.62;0;1;351;38.4;0;25.55;0;6.27;34.89;97.01;30.15;72.27;57.29;569.19;3.88;11.28;137.32;44618.2;4.87;100;62.18;0;0;13.12;3.32;2;3;0.17;12.03;2.38;0.5;1.88;0;0;0;0;0.41;1.22;0;45078.5;813.69;50.36;195.51;217.57;13.31;0;9.7;2.81;0.8;0.46;35.47;149.64;0;57.59;22.1;78.7;9.59;80.08
Алтайский государственный технический университет им. И.И. Ползунова;3;9;Барнаул;5;1;60.15;60.05;52.13;40.67;0;2;20;1.52;11.03;12.29;9.3;9.75;1.67;70.5;2.51;20.97;46.3;177.43;6.84;11.03;254.49;60535.1;5.39;91.94;75.27;4;0;8.12;0;9;11.03;0.66;5.63;2.87;0.25;2.62;0.23;0;0;0;8.55;11.97;3386.6;20186.6;536.26;30.72;169.36;160.38;16.73;0;16.51;0;0.23;0.33;24.97;124.57;75;59.64;10.95;70.39;4.55;93.35
Алтайский государственный университет;3;9;Барнаул;5;1;70.04;69.43;59.61;44.74;0;13;7;0.38;19.03;20.56;71.71;100;2.91;100;0.65;62.31;153.74;241.06;31.65;30.24;339.55;210261.8;12.01;95.96;61.57;5;0.01;18.02;1.6;37;8.34;1.68;7.43;3.68;0.98;2.7;1.23;1.23;2.03;6;1.18;11.42;0;21612;770.96;31.17;218.54;200.72;6.29;0;6.05;0.09;0.16;0.55;76.83;105.04;0;64.24;16.72;82.11;4.81;87.11
Астраханский государственный медицинский университет Министерства здравоохранения Российской Федерации;6;57;Астрахань;9;4;73.6;73.6;59.36;44.66;0;0;209;28.79;0;14.08;0;19.44;18.53;100;27.24;6.32;44.05;325.53;2.17;11.46;152.89;27381.5;7.85;100;46.31;0;0;30.97;1.53;2;0.59;15.39;14.48;6.23;0.75;5.48;0;0;0;0;1.07;2.81;0;0;628.96;49.17;149.49;160.44;9.43;0;9.07;0;0.36;0.2;67.97;139.87;65;51.65;19.65;70.47;8.77;75.5
Астраханский государственный технический университет;6;57;Астрахань;20;1;61.63;61.63;54.29;44.29;0;0;44;4.31;17.57;20.62;27.02;28.03;4.3;35.84;3.3;28.32;36.59;483.36;2.69;5.38;165.6;25653;3.78;100;36.3;2;0;15.36;1.47;5;1.65;3.74;12.38;10.11;4.87;5.24;0.28;0.06;0.16;1;9.17;2.29;0;7979.2;656.07;44.98;154.21;139.3;11.53;0;11.53;0;0;0.32;20.01;157.48;70;59.07;14.14;74.07;4.05;76.52
Астраханский государственный университет;6;57;Астрахань;5;1;64.68;64.6;59.28;44.53;0;1;42;3.3;19.47;20.7;30.81;32.6;2.67;98.39;5.8;33;63.21;804.22;2.2;4.11;171.29;35443.5;3.97;100;19.3;0;0;29.34;1.73;5;3.23;0.75;13.28;8.2;0.36;7.84;0.75;0.66;0.61;5;4.29;1.23;2696.7;46259;542.05;41.38;147.15;146.59;5.8;0;5.77;0;0.03;0.24;38.23;149.51;70;60.14;15.3;75.32;4.64;77.32
Балтийский федеральный университет имени Иммануила Канта;5;49;Калининград;5;1;72.68;72.61;67.68;56.23;2;0;48;4.05;16.61;22.77;31.75;30.53;8.14;97.3;7.14;50.41;78.7;352.59;21.97;29.08;167.84;241560.5;14.02;95.97;212.49;1;0;23.93;1.45;9;10.59;2.24;3.07;3.63;2.01;1.62;0.79;0.36;1.42;8;1.86;1.45;27045.8;2909.5;885.97;32.54;189.2;289.63;13.83;0;13.12;0.46;0.25;0.63;34.79;83.46;70;48.67;14.96;66.87;5.77;82.86
Башкирский государственный медицинский университет Министерства здравоохранения Российской Федерации;9;77;Уфа;9;4;82.11;82.11;63.16;43.53;0;0;347;25.65;0;18.78;0;8.16;25.63;95.5;21.63;20.26;31.29;122.9;2.04;10.31;87.77;58422.3;2.17;100;19.95;1;0;19.98;4.73;5;0.48;1.86;3.77;2.97;2.72;0.25;0.3;0.44;0.1;0;1.19;0.91;2917.8;63894;2180.12;67.4;177.21;392.58;14.64;0;11.27;3.22;0.14;0.34;69.06;86.99;85;64.9;26.98;91.37;10.35;76.09
Башкирский государственный университет;9;77;Уфа;5;1;67.19;67.06;65.17;56.97;2;1;62;3.71;15.99;18.29;17.89;33.68;5.36;99.93;3.35;167.75;197.96;2304.6;21.01;26.8;938.1;155506;9.39;95.77;98.65;24;0.27;31;3.1;5;11.02;1.41;1.83;1.76;0.49;1.27;0.71;1.02;0.61;6;1.61;2.82;4479.3;9826.3;765.03;40.67;174.88;178.88;10.66;0;9.43;0.95;0.28;0.32;62.29;114.35;75;63.63;23.03;84.11;5.07;85.7
Белгородский государственный национальный исследовательский университет;1;30;Белгород;5;1;70.04;69.91;61.55;50.26;0;2;85;4.67;9.65;16.94;14.19;28.75;10.96;95.83;3.93;168.02;253.88;802.92;14.61;31.54;329.84;738593.4;26.03;84.56;299.93;8;0.01;25.61;2.11;18;10.82;7.27;10.61;7.43;3.94;3.48;0.96;0.97;2.66;38;7.42;4.72;10113.5;149241.9;1093.21;46.66;185.25;262.19;17.34;0;16.22;0.95;0.17;0.38;51.39;105;0;60.21;16.07;78.52;5.44;83.07
Белгородский государственный технологический университет им. В.Г. Шухова;1;30;Белгород;5;1;62.51;62.46;66.19;54.92;0;1;34;2.48;10.11;12.84;12.96;76.64;5.87;88.99;4.98;6.49;20.09;4481.65;5.37;11.73;1162.38;203509.4;14.18;98.67;144.48;101;0.09;25.4;3.87;3;24.96;4.72;4.15;10.16;6.62;3.53;0.05;0.26;3.34;23;3.12;0.83;438.6;51626.2;754.25;42.12;160.21;175.42;11.94;0;11.94;0;0;0.53;52.95;139.62;75;58.89;17.07;70.37;3.93;87.32
Благовещенский государственный педагогический университет;4;21;Благовещенск;5;1;58.97;58.97;51.09;44.9;0;0;0;0;5.87;6.3;38.71;92.33;1;77.2;5.68;59.32;106.78;700;10.73;14.12;341.24;9599.8;2.32;100;43.62;0;0;8.37;1.62;2;0.56;7.25;0.14;11.24;11.24;0;0.05;0.51;0;0;17.39;0;0;0;741.35;31.72;154.75;180.72;10.16;0;10.16;0;0;0.39;34.51;271.79;75;70.73;9.24;80.43;4.07;92.93
Брянский государственный аграрный университет;1;31;село Кокино;6;3;55.66;55.66;50.56;40.85;0;0;24;6.4;5.01;8.52;2.44;14.88;4.09;95.23;2.18;25.41;21.01;654.78;7.33;10.26;326.9;40664;8.25;100;190.64;212;0;35.89;1.48;2;0.98;0;14.51;10.65;0;10.65;0;0;0;0;0;0;0;13008;678.79;28.17;200.34;237.5;26.82;0;26.82;0;0;0.34;48.84;193.34;65;63.4;19.79;82.83;3.35;96.94
Владивостокский государственный университет экономики и сервиса;4;25;Владивосток;5;1;69.98;69.98;55.75;39.77;0;0;11;0.96;8.07;9.18;25;39.81;4;88.76;2.37;64.91;122.78;921;7.65;20.51;400.8;51664.9;3.44;100;126.42;7;0.19;18.67;3.99;2;1.84;5.02;1.27;9.62;9.62;0.01;1.35;3.69;1.87;6;0.51;0;401.5;41985.5;2757.47;59.96;192.23;304.91;25.3;0;12.02;10.84;2.44;0.6;63.44;72.97;65;62.57;9.34;67.72;3.15;83.53
Владимирский государственный университет имени Александра Григорьевича и Николая Григорьевича Столетовых;1;32;Владимир;5;1;63.68;63.59;58.43;45.97;0;2;142;7.03;12.4;14.26;9.24;87.29;3.22;61.81;4.01;17.24;95.33;1063.33;9.22;18.44;163.54;179199.3;10.94;89.3;132.77;17;0;17.16;1.28;6;7.59;1;2.73;3.07;0.9;2.17;0.39;1.06;0.45;5;4.95;0;1506.6;188.6;649.24;36.54;188.62;163.51;9.63;0;9.58;0.04;0.01;0.31;22.18;115.33;80;58.27;13.28;72.48;3.84;84.04
Волгоградский государственный медицинский университет Министерства здравоохранения Российской Федерации;6;58;Волгоград;9;4;75.83;75.83;59.15;44.09;0;0;207;18.8;0;13.83;0;53.12;17.31;94.15;13.9;86.42;145.28;987.36;4.53;13.58;174.34;95193.1;5.02;95.64;50.34;0;0;24.44;2.44;5;3.58;16.22;2.17;13.24;11.11;2.13;0;0;0;0;2.01;0.67;205.5;359347.8;992.66;55.47;157.31;314.55;14.04;0;8.15;5.89;0;0.29;65.2;134.05;80;53.47;15.42;71.44;11.69;72.4
Волгоградский государственный технический университет;6;58;Волгоград;5;1;59.67;59.55;50.74;42.55;0;3;40;2.63;14.03;16.56;100;86.38;3.66;94.78;1.32;72.67;163.05;2754.56;19.57;31.91;318.76;331156;18.61;99.39;322.56;1;0;24.49;1.51;7;14.79;3.99;2.87;4.49;3.08;1.4;0.01;0.04;0.1;0;5.7;0.67;373.5;47913.4;868.12;40.47;167.37;225.93;17.59;0;17.59;0;0;0.42;53.18;289.34;70;61.36;17.1;78.51;4.54;91.32
Воронежский государственный лесотехнический университет имени Г.Ф. Морозова;1;33;Воронеж;5;1;59.13;59.13;49.49;43.66;0;0;46;10.6;8.87;10.31;4.35;91.34;3.85;54.75;2.17;74.55;90.87;3020.29;2.21;11.47;468.46;23352.8;5.9;80.51;87.52;4;0.27;15.61;0.88;3;4.41;0.26;15.93;13.65;1.77;11.88;0;0;0;0;2.27;1.14;210.5;230.9;768.89;44.03;158.5;173.01;15.65;0;15.65;0;0;0.4;29.08;248.63;65;63.52;20.73;83.98;4.27;96.6
Воронежский государственный медицинский университет имени Н.Н. Бурденко;1;33;Воронеж;9;4;85.94;85.94;73.64;50.2;0;0;257;26.2;0;15.87;0;14.1;20.61;97.09;22.51;13.9;41.25;1263.92;4.23;18.28;275.63;85711.2;7.82;100;127.01;4;0;25.09;1.24;6;4.53;8.55;6.53;7.46;4.89;2.57;0;0;0;0;0.29;0.67;0;0;998.47;60.27;165.85;216.99;9.09;0;7.47;0;0;0.26;55.99;135.7;80;60.67;18.28;81.85;10.06;75.65
Воронежский государственный технический университет;1;33;Воронеж;5;1;65.16;65.13;54.27;45.67;0;1;416;19.69;16.34;18.26;33.7;20.31;3.16;85.24;12.23;32.04;40.15;1235.81;8.66;13.6;268.92;208120.4;10.14;94.33;124.11;1;0;13.9;0.94;23;1.49;2.2;2.34;3.84;2.18;1.66;0.13;0;0.16;2;8.03;3.05;0;15157.9;600.49;30.99;163.34;181.82;15.47;0.05;7.97;7.45;0;0.25;55.74;117.55;0;57.17;16;74.36;4.66;85.68
Воронежский государственный университет;1;33;Воронеж;5;1;71.1;70.95;64.1;46.89;1;6;55;1.76;16.91;20.17;11.54;26.19;4.76;83.4;1.49;132.84;167.8;1657.47;18.22;25.64;363.9;306610.1;12.74;94.43;122.29;8;0;22.79;1.28;24;7.43;3.36;2.6;10.03;7.25;2.78;1.34;1.73;0.37;5;7.46;2.87;1757.1;17637.6;748.24;44.38;150.98;164.42;7.88;0;7.85;0;0.03;0.22;58.3;219.56;75;55.7;20.72;77.12;6.12;85.87
Воронежский государственный университет инженерных технологий;1;33;Воронеж;5;1;59.69;59.69;56.38;46.36;0;0;11;1.34;17.08;18.71;12.3;93.63;2.27;73.79;2.38;24.24;43.99;1717.07;4.48;9.22;427.29;36115.4;5.48;85.68;9.93;4;0.01;25.84;2.44;4;0.53;4.47;2.73;5.25;3.39;1.86;0.86;0;0;0;5.1;1.02;0;0;551.77;31.76;167;152.59;8.92;0;8.87;0;0.05;0.23;44.01;203.97;75;64.28;15.96;80.53;4.55;81.74
Вятская государственная сельскохозяйственная академия (ФГБОУ ВО Вятская ГСХА);9;72;Киров;6;3;52.33;52.33;51.12;42.18;0;0;11;2.44;8.65;11.23;24.71;82.07;3.31;43.61;1.29;2.34;6.54;4409.62;2.34;1.4;400.75;18064.2;5.07;100;33.2;0;0;10.74;1.49;0;0;0.97;0.17;0;0;0;0;0;0;0;0;0;0;1291.5;485.94;29.18;153.93;164.01;23.02;0;23.02;0;0;0.35;28.96;151.08;80;63.87;14.76;79.84;4.47;83.33
Горно-Алтайский государственный университет;3;9;Горно-Алтайск;5;1;58.97;58.97;55.11;45.07;0;0;6;1.53;9.26;10.62;19.1;20.07;2.52;84.23;2.35;28.07;13.68;75.09;4.91;9.82;75.09;21840.6;3.81;100;24.66;8;0;11.68;0.78;2;25.96;0.01;7.09;3.53;0;3.53;0.27;0.48;0.9;1;6;6;559.3;1442;203.29;10.1;150.36;289;16.67;0;15.42;1.25;0;0.43;60;186.6;60;63.49;9.56;74.42;6.78;76.69
Российская таможенная академия;1;2;Люберцы;19;1;82.77;82.77;70.01;51.5;0;0;0;0;3.94;6.98;30;49.21;6.03;96.22;0;2.85;0;556.08;8.08;9.03;464.83;39071.4;4.33;100;0;0;0;15.25;0;5;0.48;0.17;7.14;7.78;0;7.78;0;0;0.45;1;1.96;5.88;0;0;0;0;220.38;355.52;14.35;0;14.35;0;0;0.72;5.67;176.7;75;57.82;17.37;76.2;4.51;76.96
Государственный университет морского и речного флота имени адмирала С.О. Макарова;5;48;Санкт-Петербург;8;6;62.78;62.78;56.36;45.51;0;0;54;4.8;2.34;4.95;29.41;26.92;3.04;100;3.48;5.11;15.92;682.65;5.11;7.27;118.92;90151.9;5.78;89.84;86.55;0;0;8.98;0.51;1;0.59;1.45;4.42;7.01;0.89;6.12;0.02;0.02;0.15;0;0.66;0;38;35754.4;1114.63;34.87;165.01;324.85;21.7;0;21.7;0;0;0.41;26.41;363.91;75;51.72;16.55;66.91;4.75;87.07
Государственный университет управления;1;1;Москва;5;1;77.05;77.05;63.57;49.09;0;0;31;2.86;16.38;19.49;100;83.47;4.51;99.42;1.56;3.38;15;2235.29;0.84;5.7;111.73;69688.9;4.64;100;29.35;0;0;11.3;0.86;2;1.48;2.09;3.02;3.97;1.51;2.45;2.09;0.48;0.46;3;4.36;3.12;0;161;2190.62;67.3;160.19;216.38;12.65;0;12.65;0;0;0.27;0.1;122.61;0;62.4;20.29;83.14;3.77;90.19
Дальневосточный федеральный университет.;4;25;Владивосток;5;1;68.62;68.57;55.78;40.18;0;3;238;5.18;16.68;18.74;24.17;39.05;2.91;68.81;6.19;88.06;80.04;160.5;31.46;43.05;200.34;721800.4;7.06;94.36;270.14;6;0;19.48;1.07;8;3.41;5.81;2.4;4.25;3.83;0.41;0.58;1.4;1.55;33;9.83;2.12;33845.5;145413.7;1768.81;33.43;227.5;572.9;27.56;0;26.48;1.08;0;0.48;65.95;112.13;70;51.14;12.51;59.87;6.02;87.42
Дипломатическая академия Министерства иностранных дел Российской Федерации;1;1;Москва;7;1;93.79;93.45;76.6;69.45;1;1;1;0.75;43.03;46.06;74.39;83.98;14.79;88.56;0;25.23;12.01;1872.67;2.4;7.21;239.64;4748.3;1.15;100;6.22;0;0;11.89;1.14;5;1.2;3.33;12.27;19.04;2.44;16.6;0.61;0;0;0;13.04;38.51;0;8932;1840.89;61.24;134.26;459.89;12.07;0;12.07;0;0;0.54;34.8;283.89;0;48.35;10.21;57.55;6.96;98.19
Донской государственный технический университет;6;62;Ростов-на-Дону;5;1;65.42;65.37;56.55;48.41;4;0;111;3.06;10;11.06;6.77;94.48;1.89;83.76;4.18;16.94;23.72;470.3;8.28;12.23;213.06;131530.5;4.31;82.05;60.24;0;0;9.74;1.46;3;2.72;1.79;6.62;6.02;3.16;2.86;0;0;0.28;5;8.54;1.65;0;21785.4;518.31;31.11;165.23;162.06;10.11;0;10.07;0;0.04;0.21;77.08;93.62;70;56.02;11.03;66.61;4.22;90.42
Ивановский государственный университет;1;34;Иваново;5;1;65.79;65.79;58.83;45.6;0;0;2;0.4;14.17;16.81;11.11;88.49;3.41;99.52;1.4;101.67;111;1457.21;12.55;11.26;399.94;22341.6;4.41;100;16.32;0;0;13.33;3.08;12;7.08;4.28;8.73;14.42;4.82;9.59;0.08;0.16;0;0;8.89;1.11;0;10906.4;492.27;30.22;151.94;191.9;16.59;0;16.59;0;0;0.5;8.29;289.53;60;61.34;22.25;84.34;6.68;92.41
Иркутский государственный университет;3;11;Иркутск;5;1;65.85;65.81;64.17;45.46;0;2;26;1.13;10.93;11.78;91.56;94.11;1.71;90.62;2.96;134.21;134.95;1011.54;16.86;21.28;251.57;167926.4;8.8;0;87.37;0;0;15.9;1.34;10;7.27;3.65;0.26;2.5;2.4;0.09;0.91;0.65;0.74;5;3.3;0.55;14872.9;41796.4;646.24;32.01;172.92;180;13.26;0;13.26;0;0;0.31;40.13;283.5;70;59.73;13.35;72.59;4.72;85.54
Иркутский национальный исследовательский технический университет;3;11;Иркутск;5;1;63.92;63.89;50.94;44.52;0;1;203;8.7;15.85;18.54;26.54;31.84;3.64;90.79;8.91;16.07;22.26;611.24;7.11;12.75;262.44;270170.3;10.87;93.09;215.71;7;0.49;13.01;1.67;8;0.65;4.37;4.76;9.25;4.22;5.03;0.08;0.21;0.35;4;12.13;0.54;1930;358.9;796.85;34.69;169.26;243.94;12.89;0;12.89;0;0;0.36;65.01;142.06;0;65.3;11.72;72.61;5.32;83.63
Кабардино-Балкарский государственный университет им. Х.М. Бербекова;7;64;Нальчик;5;1;58.84;58.84;71.41;47.26;0;0;51;3.58;18.87;24.1;0;83.31;7.41;99.53;1.73;26.59;44.22;495.19;9.79;20.72;188.77;55656.8;4.41;100;78.15;2;0;13.32;0.79;9;0;4.86;0.54;3.1;2.71;0.39;0;0;0;0;3.98;0.95;0;15328.5;619.39;30.07;176.45;177.11;18.66;0;18.66;0;0;0.51;52.99;209.4;0;57.22;21.89;79.33;5.55;90.53
Казанская государственная консерватория имени Н.Г. Жиганова;9;80;Казань;3;2;83.45;83.45;70.74;64.72;0;0;2;1.71;6.44;11.35;52.63;45.12;6.41;83.46;0;0;8.19;255.29;0.68;0;101.71;21396.3;16.87;39.73;58.02;0;0;3.5;0.75;1;1.37;5.45;2.56;8.3;4.15;4.15;0;0;0;0;2.5;7.5;0;17280;230.25;13.12;162.68;411.92;18.61;0;18.61;0;0;0.27;15.13;662.7;80;19.28;5.46;28.67;5.4;67
Казанский (Приволжский) федеральный университет;9;80;Казань;5;1;79.41;79.22;64.48;53.75;9;3;140;2.47;14.07;17.33;25.71;84.56;4.45;96.76;3.04;200.96;290.55;461.82;55.35;91.43;276.37;1587087.6;18.26;96.49;188.33;1;0;29.31;1.1;13;11.38;2.92;8.02;4.78;1.88;2.89;0.77;1.66;2.95;85;8.87;3.66;6158.6;46077.2;1487.92;48.29;223.4;354.01;10.75;0;9.96;0.78;0.01;0.32;4.02;245.18;0;54.88;15.51;70.56;6.6;88.36
Казанский государственный медицинский университет Министерства здравоохранения Российской Федерации;9;80;Казань;9;4;84.26;82.64;71.05;54.84;0;14;246;30.79;0;16.98;0;30.92;21.88;86.65;22.24;172.62;166.13;602.69;16.71;23.57;124.18;63159.5;5.49;100;86.76;1;0;19.53;0.73;3;3.53;11.26;5.1;8.69;4.97;3.72;0;0;0;0;3.33;1.24;0;82588.9;1228.29;57.51;166.64;239.55;21.38;0;9.94;11.44;0;0.28;37.26;150.29;0;52.02;25.43;84.26;8.18;53.91
Казанский государственный энергетический университет;9;80;Казань;5;1;66.92;66.92;65.96;50.63;0;0;60;6.58;18.61;19.69;11.82;95.15;2.24;78.45;4.1;29.36;44.28;1138.9;7.69;20.51;184.57;99727.5;11.39;95.93;107.88;1;0.02;15.82;3.61;2;3.5;1.24;4.22;4.83;1.22;3.61;0.04;0.16;0.63;0;9.82;2.68;0;13384.4;790.68;38.76;174.83;175.23;14.37;0;10.19;4.18;0;0.29;47.93;147.21;75;60.92;15.59;75.56;3.54;93.93
Казанский национальный исследовательский технический университет им. А.Н. Туполева-КАИ (КНИТУ-КАИ);9;80;Казань;5;1;71.49;71.11;59.3;46.41;1;11;177;11.7;14.38;18.41;21.51;24.19;5.29;54.63;6.17;36.75;125.98;843.18;14.17;29.66;281.5;502158.5;24.22;98.06;441.56;0;0;21.18;2.17;8;0;2.12;2.34;4.61;2.49;2.13;0;0;0.91;8;5.36;1.28;6129.9;1428.5;953.73;35.06;184.5;279.79;18.11;0;18.11;0;0;0.58;55.16;205.6;85;57.76;16;75.4;5.71;87.35
Казанский национальный исследовательский технологический университет;9;80;Казань;5;1;61.16;61.13;55.4;42.2;0;1;82;3.26;27.81;30.33;29.32;34.08;3.89;77.95;7.28;189.48;205.42;1479.22;20.99;21.15;138.3;840964.4;25.02;88.66;582.23;1;0;23.79;2.29;2;2.3;1.54;8.59;7.74;1.58;6.16;0.15;0.02;0.46;7;6.91;2;1825.2;63997.8;1005.11;39.02;171.89;237.81;12.02;0;8.65;3.2;0.17;0.37;51.12;150.91;0;61.01;17.56;78.92;4.91;80.65
Калининградский государственный технический университет;5;49;Калининград;20;1;56.81;56.81;54.02;42.03;0;0;0;0;5.97;8.41;18.66;36.95;2.8;99.44;0.05;3.77;8.26;28.19;4.49;5.75;45.43;41650.7;3.58;100;49.21;2;0;5.11;0.89;4;4.85;1.61;7.29;5.6;1.5;4.1;0.02;0;0.31;2;5.22;0;250.9;18116.7;988.35;47.32;117.51;243.4;43.83;0;43.83;0;0;0.45;22.86;208.63;65;62.8;11.82;72.6;4.64;86.74
Калмыцкий государственный университет им. Б.Б.Городовикова;6;61;Элиста;5;1;62.34;62.34;55.17;40.57;0;0;29;3.44;20.43;21.4;28.92;70.18;4.68;82.72;6.11;27.24;30.67;1347.48;2.94;5.89;294.48;27320.1;3.85;100;11.8;10;0;11.09;2.1;4;8.34;1.6;7.88;3.76;2.38;1.37;0.95;1.14;1.15;2;5.21;4.74;950;11206.3;465.76;26.77;163.53;157.3;13.31;0;13.31;0;0;0.24;48.01;208.19;55;60.69;15.35;73.52;4.37;87.85
Карачаево-Черкесский государственный университет имени У.Д. Алиева;7;65;Карачаевск;5;1;53.09;53.09;0;53.65;0;0;0;0;12.97;14.22;25;14.03;3.64;25.1;0;1.07;2.86;94.63;1.07;0.71;54.63;16653.3;4.97;100;59.47;0;0;4.55;0.34;2;1.07;0;29.34;16.58;0;16.58;0;0;0;0;1.11;2.22;0;0;295.87;24.74;156.2;135.57;12.44;0;8.34;3.53;0.58;0.26;0;193.46;55;60.65;10.46;70.35;3.57;95.68
Костромская государственная сельскохозяйственная академия;1;36;поселок Короваева;6;3;52.83;52.83;54.35;40.31;0;0;16;4.28;4.46;6.48;2.86;56.63;2.39;99.19;6.87;1.42;1.89;77.2;0.47;0.95;59.67;13251.1;3.96;100;56.13;0;0;12.39;2.58;0;0;0.01;24.74;18.37;0;18.37;0;0;0;0;0;0;0;1830.8;430.56;27.2;149.26;166.46;23.51;0;23.51;0;0;0.36;36.26;288.79;70;67.09;9;76.94;4.54;85.32
Кубанский государственный технологический университет;6;59;Краснодар;5;1;69.35;69.08;61.87;54.03;0;5;28;2.12;9.67;10.34;10.42;62.14;2.28;84.25;5.69;27.85;44.02;494.54;4.04;12.88;298.85;79563.9;6.02;99.52;58.28;1;0.02;13.64;2.82;2;4.19;2.68;1.73;4.57;3.41;1.16;0.05;0;0.94;7;3.05;1.02;0;12137.6;1250.17;63.13;171.09;152.97;12.88;0;12.88;0;0;0.3;54.45;136.94;0;60;13.88;73.38;3.15;95.48
Кубанский государственный университет;6;59;Краснодар;5;1;74.35;74.33;66.24;49.45;1;0;211;6.52;16.06;17.43;15.12;33.69;3.01;87.29;9.56;29.3;36.76;328.8;6.84;11.9;362.46;166538.7;7.42;95.83;67.51;0;0;23.97;0.99;7;9.32;0.65;1.36;1.53;1.02;0.52;0.1;0.1;0.29;3;4.42;0;0;28459.6;877.4;44.05;203.78;148.97;4.89;0;4.45;0.16;0.28;0.23;41.05;73.02;70;57.69;17.61;77.12;4.29;88.7
Курганская государственная сельскохозяйственная академия имени Т.С. Мальцева;2;3;Кетовский район; с.Лесниково;6;1;49.49;49.49;54.34;41.62;0;0;3;0.9;1.66;4.74;4.76;71.54;3.47;33.27;1.62;0;3.28;358.02;0;2.73;148.13;23960;8.13;100;119.49;1;0;8.42;0;1;6.01;0;8.68;4.48;0;4.48;0;0;0;0;0;1.85;0;0;496.69;30.85;108.71;189.36;27.58;0;27.58;0;0;0.5;22.11;243.25;75;56.44;13.75;68.63;3.55
Курский государственный медицинский университет Министерства здравоохранения Российской Федерации;1;37;Курск;9;4;79.12;79.12;61.79;47.94;0;0;222;16.2;0;12.36;0;19.41;14.98;95.97;15.27;48.07;45.41;529.61;3.33;12.97;280.94;43466.5;3.89;100;38.47;2;0;19.75;1.81;3;3.16;32.26;1.36;25.9;24.63;1.27;0.06;0.05;0.31;2;0.93;0;72.8;407723.8;1184.72;63.73;167.21;172.44;14.66;0;6.74;7.91;0;0.22;20.1;76.88;0;51.77;19.17;70.4;6.36;93.17
Магнитогорский государственный технический университет им. Г.И. Носова;2;7;Магнитогорск;5;1;64.32;64.23;61.97;41.21;0;2;32;2;12.28;13.67;13.03;89.56;2.24;98.59;3.94;10.57;55.05;3266.52;9.75;22.93;479.79;249741;14.72;83.14;278.68;1;0;16.65;0.6;18;1.65;0.04;4.29;2.36;0.13;2.24;0.08;0.04;0;0;0;2.3;733.3;1387.8;861.47;36.99;157.81;218.61;18.35;0;17.88;0.47;0;0.51;22.93;195.75;75;70.09;12.44;83.05;4.73;95.38
Майкопский государственный технологический университет;6;60;Майкоп;5;1;54.62;54.62;53.1;43.76;0;0;93;12.02;0.9;2.05;9.09;100;1.63;70.21;6.66;5.83;4.29;512.11;0.31;2.45;175.1;18784.1;3.7;100;43.09;0;0;7.25;0;2;0.92;4.62;8.45;6.47;1.95;4.52;0.03;0;0.26;0;1.82;0;0;3479.9;480.18;30.83;163.98;150.48;16.72;0;7.98;8.74;0;0.14;63.07;146.83;60;66.04;11.25;80.44;4.14;73.81
Марийский государственный университет;9;78;Йошкар-Ола;5;1;64.07;64.07;61.48;50.55;0;0;59;5.22;10.12;11.31;26.76;91.24;2.5;82.64;6.45;23.19;70.04;1578.15;7.65;30.38;573.05;55158.3;6.8;81.87;121.29;9;0.01;17.23;1.56;8;8.35;1.05;11.87;0.43;0;0.43;0.13;0;0;0;2.48;0;5953.7;45771.5;535.95;28.49;176.45;167.66;16.44;0;14;2.34;0.1;0.34;67.52;223.96;75;67.93;14.33;83.09;5;86.07
Московская государственная консерватория имени П.И. Чайковского;1;1;Москва;3;2;76.97;76.97;61.5;72.26;0;0;4;1.65;0;10.11;0;10.88;11.39;93.9;0;89.41;121.11;1928.17;1.24;0.99;27.24;38060.9;2.97;100;28.52;0;0;0.2;0;1;1.49;7.2;6.74;19.09;8.71;10.37;0;0;0;0;21.09;5.44;0;61080.9;1355.8;42.66;79.3;994;26.12;0;26.12;0;0;0.14;0.59;1105.82;70;17.77;13.07;29.09;9.64;75.74
Московский авиационный институт (национальный исследовательский университет);1;1;Москва;5;1;70.13;70;57.72;43.82;0;7;898;23.76;11.52;13.75;29.04;35.07;2.78;72.21;21.92;39.25;50.85;422.8;8.17;13.2;39.31;1141372.5;20.7;93.97;438.39;7;0;7.8;0.57;2;1.54;2.33;1.76;5.11;3.46;1.66;0.01;0.03;0.42;10;11.26;0;1184.8;147291.6;1128.88;34.59;161.3;332.2;20.81;0;20.81;0;0;0.31;46.84;170.26;80;50.92;18.16;71.19;6.12;72.56
Московский автомобильно-дорожный государственный технический университет (МАДИ);1;1;Москва;5;1;59.51;59.47;55.29;42.88;0;1;30;1.78;10.26;12.07;10.16;19.65;2.1;57.88;2.56;5.28;25.1;1030.75;2.5;9.1;64;218790.9;15.88;87.72;263.59;1;0;12.98;0.41;3;0.15;3.73;3.73;10.11;6.86;3.24;0;0;0.45;3;25;5.77;0;0;1263.98;46.86;147.78;247.4;16.08;0;16.08;0;0;0.27;96.43;176.98;80;53.26;13.13;66.7;4.66;82.63
Московский государственный институт международных отношений;1;1;Москва;7;1;95.2;93.66;82.96;62.64;109;12;0;0;28;29.81;42.75;45.42;3.53;80.63;0;288.45;9.26;2108.89;21.97;6.53;289.07;170089.2;5.05;97.51;144.1;5;0.02;19.45;1.8;12;2.21;6.27;5.98;12.92;7.49;5.43;3.79;2.39;0;0;6.52;7.61;0;65346.7;2240.91;75.02;172.82;432.78;13.98;0;9.61;0;4.37;0.28;14.64;98.26;55;45.92;14.76;58.91;8.49;90.47
Московский государственный медико-стоматологический университет имени А.И. Евдокимова;1;1;Москва;9;4;87.6;87.6;62.24;45.82;0;0;424;25.76;0;22.17;0;46.93;29.85;97.63;22.74;322.1;153.11;161.2;11.87;11.17;98.86;227823.8;5.78;100;71.78;0;0;11.59;2.03;7;1.16;3.42;4.26;6.74;3.31;3.42;0.02;0;0;0;1.52;2.72;276.7;0;1390.1;45.76;158.13;615.27;15.03;0;10.03;5;0;0.27;1.36;119.47;65;60.03;26.83;86.11;15.38;81.04
Московский государственный технический университет имени Н.Э.Баумана;1;1;Москва;5;1;81.76;81.1;64.08;52.58;2;109;1291;28.63;11.17;14.17;38.71;39.55;4.4;72.94;24.98;54.01;66.12;964.09;15.52;25.72;257.93;3050704.8;32.2;72.86;985.86;6;0;18.29;1.27;15;3.38;2;2.18;2.04;0.15;1.9;0;0.06;0.27;9;9.09;0;3744.3;130052.8;1503.39;40.62;150.13;548.99;13.42;0;12.91;0;0.19;0.43;21.3;138.3;85;45.65;15.18;63.67;9.02;67.91
Московский государственный технологический университет СТАНКИН;1;1;Москва;5;1;66.88;66.82;58.18;53.49;1;0;62;8.48;22.55;27.49;29.89;33.73;6.82;67.67;6.68;577.93;630.06;4618.41;69.88;85.41;386.02;619706.3;41.81;53.01;720.99;0;0;17.1;0.57;3;4.44;4.69;9.12;18.03;7.88;10.15;0.15;0;1.55;4;10.13;11.39;0;0;1959.72;23.84;200.9;426.44;15.83;0;15.83;0;0;0.45;36.47;197.32;80;50.61;24.46;75.13;3.76;91.29
Московский государственный университет имени М.В.Ломоносова;1;1;Москва;11;1;88.38;86.66;74.02;59.54;246;190;146;2.37;22.77;30.95;30.41;100;12.59;72.55;0;1310.21;1409.44;408.56;62.29;73.94;134.21;6651330.8;28.45;100;436.18;13;0;19.08;0.65;52;17.83;4.12;2.45;6.6;4.09;2.51;0.89;1.37;0.2;19;3.82;0.96;0;174569;1233.17;46.8;136.39;740.15;30.66;0;30.66;0;0;0.76;16.42;316.51;0;57.24;24.73;81.97;22;95.86
Московский государственный университет путей сообщения Императора Николая II (МГУПС (МИИТ));1;1;Москва;12;1;63.48;63.48;56.24;42.85;0;0;543;15.96;9.18;10.9;19.65;44.1;2.31;97.62;28.79;0;0;398.66;2.35;5.19;112.28;625248.2;11.46;97.17;430.42;3;0;15.47;1.45;5;0.07;1.17;2.1;2.38;0.84;1.54;0.37;0;0.4;6;1.3;3.12;0;60976;2581.53;68.34;173.64;327.93;12.62;0;12.62;0;0;0.46;26.85;152.93;80;53.6;15.2;67.8;3.11;82.84
Московский государственный универститет технологий и управления имени К.Г. Разумовского;1;1;Москва;5;1;73.47;73.47;73.77;71.32;0;0;47;17.15;3.48;4.17;100;95.14;1.26;98.73;1.57;1.3;1.3;5003.04;5.22;10;581.3;91524.3;6.96;100;244.37;1;0.11;7.21;0.36;0;0;0.14;8.02;1.13;0.01;1.12;0;0;0;0;0;1.9;0;0;2887.24;50.52;181.94;157.62;11.57;0;2.97;8.6;0;0.13;20;87.16;50;59.41;25.28;84.23;1.56;92.28
Московский педагогический государственный университет;1;1;Москва;5;1;70;69.87;64.11;39.62;2;4;152;5.77;18.42;20.96;41.38;30.19;3.9;98.83;2.24;72.57;75.82;274.81;9.32;14.27;154.2;191331.4;5.41;98.03;7.24;0;0;0.92;0.58;12;1.62;3.9;2.66;5.92;3.38;2.55;0.7;0.67;0.92;18;20.64;3.86;7274;122004;1152.07;37.49;137.44;234.99;9.8;0;9.42;0.08;0.29;0.11;21.65;112.53;0;48.8;22.76;70.82;4.06;89.74
Московский физико-технический институт (государственный университет);1;1;Москва;5;1;96.78;94.27;83.6;73.3;75;103;159;15.79;30.78;39.15;14.13;18.94;13.9;89.57;4.44;3090.4;2868.49;2388.77;155.57;175.71;248.26;1715792.5;26.41;91.71;912.95;4;0;30.52;7.14;2;14.24;1.84;7.04;8.43;2.14;6.29;0.25;0.25;2.49;61;9.56;6.85;15336.7;9402.8;1391.78;21.05;195.09;1066.02;15.15;0;14.83;0;0.32;0.39;62.57;136.75;70;43.76;22.14;66.77;10.63;20.09
Московской области Московский государственный областной университет;1;2;Мытищи;2;1;70.38;70.33;58.1;44.06;0;0;196;11.15;12.43;16.08;45.6;84.06;6.14;98.2;10.36;13.05;24.58;651.9;7.78;12.77;168.98;335893.1;14.32;100;5.09;0;0;15.69;1.49;11;5.55;0.86;2.49;1.89;0.46;1.42;0.89;0.8;2.08;15;2.25;2.66;0;24826.9;529.02;16.2;203.82;295.92;8.72;0;7.68;0.06;0.99;0.27;73.01;102.64;0;55.82;20.04;75.9;5.01;92.28
Национальный исследовательский Мордовский государственный университет им. Н.П.Огарева;9;79;Саранск;5;1;62.11;62.02;58.15;44.92;0;3;160;6.59;9.96;15.93;8.25;9.81;7.37;79.11;8.94;89.12;84.92;561.54;9.37;19.06;140.24;203295.2;9.21;97.53;95.91;5;0;18.03;1.46;12;2.78;4.04;4.45;2.89;0.69;2.2;0.1;0.06;0.43;4;4.77;0.93;9223.7;96922.8;455.96;31.3;160.07;193.13;16.78;0;15.44;1.22;0.12;0.39;33.26;192.49;70;66.82;15.13;85.49;8.07;79.69
Национальный исследовательский Московский государственный строительный университет;1;1;Москва;5;1;71.27;71.2;56.79;48.34;0;3;44;2.29;15.78;18.86;10.98;13.81;4.21;79.47;2.74;32.33;78.15;645.25;44.03;56.96;235.12;489976;13.87;93.82;578.3;3;0;25.11;1.65;3;1.38;2.79;2.4;4.56;1.4;3.16;0.03;0;0.32;3;9.42;1.83;10485.9;1983.5;2257.79;46.44;168.5;389.14;19.38;0;19.38;0;0;0.38;67.44;191.03;80;55.82;13.17;70.31;4.92;83.51
Национальный исследовательский Нижегородский государственный университет им.Н.И. Лобачевского;9;73;Нижний Новгород;5;1;73.25;72.73;60.57;46.53;0;20;127;4.98;15.15;19.47;15.78;84.75;6.65;78.89;6.44;402.37;444.6;1536.78;46.64;59.9;271.28;1251138.9;31.7;90.24;464.14;2;0.01;37.42;1.81;5;6;3.04;0.53;2.08;1.36;0.73;0.68;0;0.76;14;4.68;0.65;8964.8;19073.9;1132.93;45.47;228.06;341.1;10.24;0;9.87;0;0.34;0.46;47.36;127.63;80;54.33;18.79;74.18;6.29;88.3
Национальный исследовательский технологический университетМИСиС;1;1;Москва;5;1;80.96;80.13;66.82;58.79;1;20;14;1.24;22.69;26.65;32.96;55.74;5.5;100;5.16;939.67;1029.71;1970.11;96.75;122.86;293.91;1905396.4;29.81;83.7;970.84;3;0;20.14;1.69;8;10;3.24;19.38;12.71;2.07;10.64;0.24;0.35;1.61;17;6.92;9.07;4644.2;57978.2;2552.4;32.73;183.45;839.47;23.08;0;22.86;0.11;0.11;0.57;54.86;183.15;0;53.34;21.02;75.23;7.25;76.07
Национальный исследовательский Томский государственный университет;3;20;Томск;5;1;74.52;73.86;67.06;55.63;1;24;130;5.74;18.88;23.64;27.31;26.62;6.33;47.97;8.23;701.6;692.33;920.82;185.63;206.57;351.02;1551351;35.23;93.75;306.05;19;0;29.71;2.44;28;22.64;1.35;13.66;11.89;0.95;10.94;0.3;0.85;4.45;90;4.84;10.54;73077;47915.8;921.16;23.47;282.17;396.82;12.31;0;12.13;0.08;0.1;0.68;49.71;344.38;70;51.08;24.28;75.69;6.2;74.43
Национальный исследовательский Томский политехнический университет;3;20;Томск;5;1;78.28;76.81;63.86;59.05;0;46;101;6.54;27.88;33.42;27.87;26.96;8.71;59.42;3.39;451.32;650.31;1595.79;111.51;168.24;342.64;2230043.3;37.05;87.57;843.47;19;0;23.16;2.79;3;11.76;5.44;20.33;20.39;5.92;14.47;1.34;2.11;3.84;66;7.72;16.28;205103.7;40991.7;1309.49;34.59;250.94;632.36;19.78;0;19.52;0.26;0;0.89;45.82;263.11;75;57.76;15.58;73.46;8.27;87.89
Национальный исследовательский университет Высшая школа экономики;1;1;Москва;11;1;93.28;88.74;80.46;61.2;188;570;49;0.97;26.76;28.98;35.61;57.63;3.27;97.98;0.6;215.35;259.35;341.8;41.35;64.03;190.85;2728731.9;21.64;93.77;617.3;0;0;26.1;1.1;23;5.84;1.71;6.28;6.5;1.81;4.69;1.2;1.47;6.51;158;2.53;7.74;22530.4;98913.6;2243.65;38.84;226.19;642.41;9.44;0;7.84;1.41;0.18;0.35;51.26;32.86;75;45.14;18.56;61.04;6.88;76.51
Национальный исследовательский университет МЭИ;1;1;Москва;5;1;68.53;68.29;61.01;50.88;0;12;125;6.56;19.56;24.17;10.18;16.04;6.36;91.24;3.33;114.37;195.09;703.63;26.56;48.74;347.62;904080.3;22.64;85.44;522.58;11;0.1;18.79;1.7;3;12.89;2.46;5.32;1.77;0.94;0.83;0.39;0.27;0.58;9;11.44;1.93;31042.7;55991.1;1983.16;38.45;171.41;378.15;18.17;0;18.17;0;0;0.45;33.76;156.88;0;56.41;17.08;74.54;4.43;77.32
Национальный исследовательский ядерный университет МИФИ;1;1;Москва;5;1;89.87;89;77.39;71.84;0;32;73;11.99;26.93;32.87;41.62;31.32;9;90.17;7.25;4725.29;4565.43;5229.35;204.37;288.54;506.49;1746488.6;34.14;97.69;925.71;4;0.01;24.26;2.34;9;7.76;8.39;10.18;1.1;0.12;0.99;3.21;8.89;13.68;188;4.33;5.32;7443.1;0;2098.96;33.17;169.33;781.42;24.31;0;22.93;1.38;0;0.69;41.55;123.08;85;49.88;22.9;72.21;8.5;49.66
Нижегородская государственная медицинская академия ;9;73;Нижний Новгород;9;4;81.47;81.47;63.57;49.32;0;0;267;33.38;0;17.72;0;46.54;25.84;98.51;22.4;114.22;157.7;476.05;7.52;18.13;86.81;148175.7;12.54;97.27;38.75;0;0;16.37;0.89;3;4.13;15.05;1.15;11.7;11.05;0.66;0;0;0;0;1.76;1.11;0;45238.5;1043.43;59.93;164.04;282.17;8.61;0;8.45;0.16;0;0.19;48.76;126.95;85;57.74;21;78.85;12.32;84.51
Нижегородский государственный технический университет им. Р.Е. Алексеева;9;73;Нижний Новгород;5;1;66.89;66.69;53.87;49.8;0;4;330;28.85;17.38;20.43;8.69;13.44;5.35;55.24;12.83;113.9;99.02;874.29;20.63;21.75;159.78;443093.6;28.03;92.55;339.29;28;0;4;1.56;3;4;0.58;1.22;0.12;0;0.12;0;0;0;0;0.84;1.12;0;0;777;38.83;174.98;239.13;25.19;0;13.43;11.76;0;0.33;49.24;136.22;85;53.55;16.35;70.28;5.45;83.76
Новгородский государственный университет имени Яярослава Мудрого;5;53;Великий Новгород;5;1;62.34;62.34;58.82;43.22;0;0;92;7.25;5.85;12.41;4.84;81.22;8.69;89.27;7.77;40.68;52.25;234.65;16.58;23.33;108.55;160742.9;14.92;96.54;204.98;0;0;17.21;0.93;3;4.63;5.61;1.32;6.38;5.05;1.33;0.34;0.15;0.14;1;7.57;0.23;0;38890.2;899.55;43.31;194.32;214.79;23.38;0;23.12;0.07;0.19;0.49;3.94;208.18;80;55.13;20.35;78.34;5.2;78.54
Новосибирский государственный аграрный университет;3;14;Новосибирск;6;1;59.86;59.86;52.97;42.88;0;0;275;22.97;10.05;11.53;20.75;33.01;2.48;78.15;16.26;23.51;26.61;995.35;6.46;16.27;434.51;54391.8;5.19;100;120.88;0;0.31;16.57;0;3;4.39;1.04;5.43;2.93;1.33;1.6;0.43;0.75;0;0;0;4.72;0;6810.6;888.34;32.83;166.8;204.68;20.05;0;19.73;0;0.32;0.28;35.72;137.09;70;57.28;18.56;74.17;3.23;79.25
Новосибирский государственный архитектурно-строительный университет (Сибстрин);3;14;Новосибирск;5;1;65.1;65.1;56.26;49.07;0;0;43;5.8;9.37;10.11;14.49;26.75;1.45;79.77;3.71;36.39;112.57;120.39;4.76;11.56;171.06;19886.1;4.01;94.52;58.1;0;0;11.02;0.35;2;0.68;1.37;8.73;3.35;0.89;2.47;0;0;0.28;0;11.11;6.67;0;11313;497.9;29.51;143.98;160.4;13.26;0;13.26;0;0;0.33;4.59;206.59;80;56.33;12.12;66.72;4.21;82.14
Новосибирский государственный медицинский университет Министерства здравоохранения Российской Федерации;3;14;Новосибирск;9;4;81.48;81.33;59.57;41;1;0;243;24.13;0;16.13;0;85.88;20.22;96.02;17.7;180.51;129.02;1106.18;9.45;11.64;137.89;20446.6;2.04;100;23.23;2;0;16.51;1.21;1;2.18;0.67;9.03;3.82;0.34;3.47;0.22;0.37;0;0;0.43;5.53;3499.3;46615.8;660.37;45.35;168.72;215.32;16.49;0;9.21;7.18;0.1;0.31;27.89;64.2;85;45.02;26.25;72.96;9.57;67.38
Новосибирский государственный педагогический университет;3;14;Новосибирск;5;1;70.09;70.04;58.19;44.09;0;1;155;10.44;6.36;7.23;34.22;42.67;2.16;97.2;5.39;7.13;19.61;175.43;9.21;9.8;310.9;35505.9;3.48;100;7.74;0;0;11.22;1.24;7;9.51;0.24;7.44;2.73;0.67;2.06;0.53;0.87;0.68;3;0.69;6.21;0;1617;657.72;43.39;164.23;151.83;8.24;0;8.03;0;0.21;0.43;60.79;142.89;75;53.74;12.93;66.01;3.24;77.81
Новосибирский государственный технический университет;3;14;Новосибирск;5;1;71.76;71.33;58.56;44.01;0;14;169;5.92;15.65;18.32;15.71;14.4;3.31;89.9;8.27;199.19;207.53;1515.56;25.27;37.32;142.04;323497.3;15.2;97.28;200.94;3;0;23.49;1.19;7;5.44;0.3;17.01;11.55;0.35;11.19;0.07;0.1;1.27;17;1.57;7.33;2818.7;10660.1;803.18;41.67;168.78;184.29;11.04;0;11.04;0;0;0.39;40.84;113.12;75;46.38;15.33;59.53;5.07;73.57
Новосибирский государственный университет экономики и управления НИНХ;3;14;Новосибирск;5;1;75.45;75.21;60.91;47.94;0;1;5;0.6;9.37;10.83;27.89;57.12;2.61;87.19;2.38;4.86;2.75;997.89;2.96;5.71;416.53;26460.6;3.42;100;40.77;0;0;12.84;0.89;3;1.06;0.87;2;0.49;0.33;0.16;0.13;0;0.42;2;0.85;3.39;1153.9;11451.4;1166.53;71.44;179.99;170.99;8.85;0;8.83;0;0.02;0.32;3.8;96.75;80;51.26;11.37;62.9;3.12;70.36
Новосибирский национальный исследовательский государственный университет;3;14;Новосибирск;5;1;83.15;81.65;71.13;60;9;56;2;0.12;18.04;22.11;24.21;23.32;5.23;90.94;0.14;1821.16;1483.26;853.58;220.6;253.6;157.81;500258.9;15.55;88.74;342.77;0;0;14.3;0.92;19;10.12;3.74;3.56;5.92;1.38;4.53;0.28;1.48;0.5;16;6.2;8.17;2160.4;60879.9;917.33;29.29;275.58;473.84;18.09;0;16.93;1.11;0.04;0.38;45.98;136.41;0;44.32;24.46;58.43;10.23;19.81
Омский государственный аграрный университет имени П.А. Столыпина;3;15;Омск;6;3;52.18;52.18;49.16;33.21;0;0;3;0.4;14.17;16.02;10.53;88.48;3.16;71.4;9.34;0.96;20.48;705.71;1.28;5.76;602.02;48480;5.86;98.24;75.18;0;0.02;13.54;0.96;2;0.64;0;12.85;6.92;0.21;6.7;0.24;0.05;0;0;0;11.89;1508.1;4600;453.83;17.14;168.93;182.77;24.36;0;24.2;0.16;0;0.44;18.24;206.32;0;62.3;13.68;75.56;3.31;96.5
Омский государственный медицинский университет Министерства здравоохранния Российской Федерации;3;15;Омск;9;4;76.47;76.47;58.58;41.66;0;0;198;23.32;0;15.21;0;8.72;18.79;97.35;10.19;32.86;44.14;236.12;5.94;22.56;138.74;9432.3;0.99;100;3.54;0;0;14.06;2.05;0;1.78;0;13.87;4.74;0;4.74;0;0;0;0;0;2.85;227.3;55014;942.11;50.03;159.47;242.61;12.53;0;9.76;2.77;0;0.31;39.19;175.53;85;56.11;20.73;76.12;8.18;86.76
Омский государственный педагогичесий университет;3;15;Омск;5;1;65.31;65.31;56.27;44.45;0;0;49;6.66;18.36;19.24;49.82;75.3;2.4;94.11;2.44;14.23;11.58;147.84;4.1;5.55;280.48;32540.2;5.64;100;56.91;0;0;7.89;1.3;1;2.17;0.4;6.41;10.28;0;10.28;0.43;0.19;0.48;2;0;24.51;470.5;21781.3;558.74;37.77;157.92;144.42;10.62;0;10.62;0;0;0.35;37.29;140.12;75;69.69;14.88;85.21;4.11;92.18
Омский государственный технический университет;3;15;Омск;5;1;65.54;65.47;55.33;43.31;0;1;478;22.48;14.71;16.42;21.93;33.28;2.82;86.27;18.27;30.77;50.89;340.45;6.01;8.53;155;205066.5;9.9;78.08;153.27;4;0;22.03;1.68;6;2.11;0.03;21.79;11.47;0;11.47;0;0;0.28;3;0;3.08;0;59309.7;783.65;35.91;229.14;199.92;8.31;0;7.65;0.66;0;0.38;63.08;115.44;75;52.45;10.49;63.22;3.57;89.39
Омский государственный университет путей сообщения;3;15;Омск;12;1;59.17;59.17;55.02;45.48;0;0;279;29.46;4.86;7.28;8.74;46.89;3.16;69.6;24.96;11.37;18.04;770.98;3.21;3.96;359.66;65760.4;7.96;55.44;158.83;8;0;17.9;1.65;4;0.74;0.6;12.3;5.87;0.19;5.68;0.07;0.02;0;0;0.66;3.95;0;22562.2;1046.13;51.2;183.71;171.64;11.5;0;11.49;0;0.01;0.4;37.94;154.38;80;71.97;10.84;80.94;4.07;86.89
Оренбургский государственный медицинский университет Министерства здравоохранения Российской Федерации;9;74;Оренбург;9;4;83.06;83.06;62.84;44.27;0;0;244;13.97;0;9.99;0;3.61;11.42;96.75;24.27;2.35;14.67;169.78;1.76;21.32;257.21;45002;6.36;100;49.61;0;0;19.38;2.23;2;2.15;5.1;18.59;0.21;0;0.21;0;0;0;0;0.55;0.18;1677.5;29289.7;535.96;38.71;147.28;149.16;10.68;0;6.7;3.98;0;0.19;8.27;83.08;90;54.08;16.19;73.36;7.33;72.94
Оренбургский государственный педагогический университет;9;74;Оренбург;5;1;69.02;69.02;58.73;47.64;0;0;35;5.7;8.77;9.46;28.42;42.26;1.74;97.28;2.49;9.64;16.38;1812.4;2.25;5.78;884.68;29444.6;6.28;100;65.53;0;0;10.43;2.85;1;12.53;0.04;2.49;1.04;0;1.04;0;0;0;0;0;14.58;0;125.1;442;28.01;130.11;177.76;16.2;0;16.2;0;0;0.38;45.04;225.96;75;65.03;15.79;81.22;4.66;92.04
Оренбургский государственный университет;9;74;Оренбург;5;1;66.78;66.78;59.16;44.3;0;0;42;2.06;14.84;15.82;24.63;95.42;1.6;80.45;3.44;35.14;50.33;1119.61;2.65;8.92;354.09;83464.5;5.53;96.41;40.1;0;0;20.33;2.43;5;5.41;0.13;7.64;5.73;0.4;5.33;0.09;0.05;0.28;3;0;11.54;1882.8;11000.9;327.69;20.46;178.82;154.86;10.46;0;10.42;0.04;0;0.33;24.18;104.9;75;62.98;13.09;77.08;4.62;93.53
Орловский государственный университет имени И.С.Тургенева;1;39;Орел;5;1;67.53;67.45;58.13;48.73;0;2;144;7.32;19.1;22.5;11.78;91.14;4.77;71.86;8.28;3.99;10.59;477.66;2.23;5.11;92.97;78056.3;4.37;80.42;33.39;0;0.03;19.57;1.34;10;5.02;2.95;1.65;3.27;2.1;1.17;0.07;0.03;0;0;1.52;1.52;0;22566.8;397.76;23.98;151.71;161.58;13.13;0;12.89;0.24;0;0.28;35.18;99.9;75;61.11;15.46;76.84;4.98;89.76
Орловский государственный университет экономики и торговли;1;39;Орел;5;1;0;0;59.93;52;0;0;0;0;18.83;20.48;18.75;96.78;2.24;22.21;0;0;8.7;1158.7;0;11.59;505.07;16999;11.23;100;113.67;0;0;21.74;0;3;0;0.54;16.2;16.32;0.84;15.47;0;0;0;0;0;0;0;15092.4;398.15;36.31;165.35;130.47;27.71;0;27.71;0;0;0.41;29.29;78.93;65;81.16;10.14;91.3;3.47;100
Пензенский государственный университет;9;75;Пенза;5;1;67.65;67.43;58.6;43.4;0;5;368;12.42;6.45;9.42;21.34;23.81;3.83;75.15;10.89;33.05;45.35;221.67;9.05;12.13;318.26;91144.3;5.12;93.97;55.61;3;0;18.12;1.73;14;3.87;4.08;6.2;5.93;1.17;4.77;0.19;0.08;0.31;3;3.28;0.36;1734.5;0;841.76;51.34;164.76;130.2;13.99;0;6.99;6.84;0;0.21;0.19;96.22;70;59.64;14.3;75.19;4.13;89.09
Пензенский государственный университет архитектуры и строительства;9;75;Пенза;5;1;63.06;61.03;62.06;47.95;0;17;57;8.24;16.97;18.11;10.91;19.6;1.99;99.07;5.07;117.58;186.01;3399.62;5.29;25.33;410.96;22418.9;4.76;86.84;84.76;7;0;13.15;1.04;4;1.51;0.15;5.91;2.35;0.11;2.24;0;0;0;0;0;1.45;0;9279.8;373.07;20.97;192.41;135.65;16.29;0;9.95;0.55;5.79;0.25;51.92;184.56;60;64.74;13.8;78.54;4.42;99.65
Первый Московский государственный медицинский университет имени И.М. Сеченова ;1;1;Москва;9;4;82.98;82.98;71.73;54.18;0;0;577;27.5;1.27;12.73;63.64;52.31;14.49;90.64;19.62;74.5;43.79;892.66;21.99;24.22;222.78;1016904.4;8.28;93.16;158.47;0;0;14.63;2.02;7;1.09;6.94;3.15;11.55;9.08;2.47;0.05;0.06;0.67;17;4.27;2.77;0;0;3290.78;56.54;161.28;808.37;23.01;0;22.78;0.23;0;0.32;59.32;257.06;70;49.41;28.61;78.01;10.69;74.61
Первый Санкт-Петербургский государственный медицинский университет имени академика И.П. Павлова ;5;48;Санкт-Петербург;9;4;95.71;93.81;66.52;49.92;0;51;359;31.85;0;16.88;0;49.46;21.07;89.3;20.52;0;348.93;432;12.82;26.34;19.38;236139.1;4.25;100;92.67;0;0;9.6;0.43;4;3.94;6.49;6.86;13.51;8.24;5.28;0;0;0;0;6.96;3.83;0;0;2324.98;41.5;131.53;1017.78;27.61;0;27.61;0;0;0.39;24.69;166.73;0;53.65;25.46;79.18;14.28;73.13
Пермская государственная сельскохозяйственная академия имени академика Д.Н. Прянишникова;9;76;Пермь;6;1;54.84;54.84;48.53;42.85;0;0;29;3.46;8.88;10.56;3.09;86.63;2.4;90.45;1.59;4.97;9.94;461.92;1.17;3.22;212.83;34210;5.64;59.05;97.68;0;0;14.2;2.19;1;0.29;0.1;1.92;0.49;0.12;0.37;0;0;0;0;0;0;0;0;589.11;33.23;150.64;191.3;16.44;0;16.32;0.12;0;0.34;48.49;212.27;75;65.69;10;72.54;3.86;90.86
Петербургский государственный университет путей сообщения Императора Александра I;5;48;Санкт-Петербург;12;1;67.39;67.39;53.71;51.69;0;0;326;19.29;6;9.2;40.18;31.28;4.2;95.25;28.24;13.1;22.86;717.86;4.49;7.71;178.25;553762.6;22.11;75.27;711.14;2;2.95;10.79;0.37;7;0.39;2.56;6.83;10.93;4.91;6.01;0.34;0.7;0.34;2;0.66;6.6;7998.8;118344.4;2303.89;71.53;164.84;347.6;17.79;0;17.79;0;0;0.48;43.39;210.53;85;51.63;15.42;67.49;4.84;90.09
Петрозаводский государственный университет;5;55;Петрозаводск;5;1;67.45;67.45;60.62;46.51;0;0;86;6.04;5.96;10.04;6.67;82.58;4.71;85.95;7.13;57.73;95.19;766.11;12.63;16.37;103.1;195951.9;10.53;100;121.38;8;0;15.13;2.19;13;13.6;1.96;0.79;0.7;0.15;0.54;0.19;0.64;0.67;6;0.61;0.31;50531.8;23750.8;699.61;27.09;150.92;268.35;14.86;0.04;13.74;0;1.08;0.57;17.79;209;80;59.53;15.34;72.83;5.87;91.46
Поволжский государственный технологический университет;9;78;Йошкар-Ола;5;1;60.97;60.97;58.99;45.91;0;0;83;7.74;21.54;22.75;18.86;29.59;3.28;87.66;10.6;7.3;36.32;1091.99;15.11;12.05;317.72;63519.3;6.04;99.01;67.41;1;0.02;32.24;2.39;7;3.73;0.22;10.92;5.26;0;5.26;0.04;0.02;0.16;1;0.52;1.55;5268.2;14259.9;483.37;27.07;163.08;178.89;13.57;0;13.57;0;0;0.41;50.62;153.2;70;63.3;12.14;72.56;4.75;85.88
Поволжский государственный университет телекоммуникаций и информатики;9;81;Самара;13;1;63.48;63.48;53.62;42.66;0;0;20;3.14;11.52;13.39;23.08;89.14;2.43;89.28;2.46;3.88;12.12;356.45;12.12;19.4;244.42;17407.7;3.87;69.67;75.96;2;0;29.24;2.04;2;5.82;0.04;7.92;5.03;0;5.03;0;0;0;0;0;3.08;0;0;847.49;38.8;168.45;168.64;15.23;0;15.23;0;0;0.51;0.47;114.3;80;54.1;16.83;72.21;3.52;83.41
Приморская государственная сельскохозяйственная академия;4;25;Уссурийск;6;3;50.51;50.51;63;42.67;0;0;2;0.6;1.08;2.85;0;60.66;1.94;87.36;1.49;111.71;223.41;819.48;4.47;11.62;247.54;14406.7;3.94;100;104.8;0;0;13.64;2.46;1;0.89;0;6.54;1.1;0;1.1;0.28;0.14;0;0;0;0;574;450.8;569.66;17.44;158.6;236.92;25.9;0;25.9;0;0;0.37;22.75;167.37;60;65.77;4.42;69.11;3.05;79.22
Российская академия народного хозяйства и государственной службы при Президенте Российской Федерации;1;1;Москва;11;1;89.43;86.42;65.14;41.62;5;96;70;2.33;19.78;21.96;58.16;100;4.12;98.5;1.12;7.09;20.49;753.61;4.35;11.65;519.65;1436388.5;14.26;98.42;144.74;0;0;17.95;0.33;32;2.81;1.45;2.63;4.21;1.66;2.55;0;0;1.69;21;5.67;0;0;29755.6;3227.98;45.68;213.3;691.11;12.82;0;12.82;0;0;0.21;7.54;74.18;75;42.82;18.62;60.06;4.81;70.83
Российский государственный аграрный заочный университет;1;2;Балашиха;6;1;0;0;50.7;42.3;0;0;0;0;3.07;5.85;0;78.42;6.82;92.95;0.65;2.18;2.18;126.36;1.45;2.18;147.42;9059.5;2.68;100;47.64;76;0;11.8;1.25;3;0;0.02;6.71;3.16;0;3.16;0;0;0.56;0;0;0;0;9533.9;1158.63;47.27;160.87;354.25;49.28;0;49.21;0;0;0.55;20.41;777.4;75;62.13;19.35;82.89;1.33;92.35
Российский государственный аграрный университет - МСХА имени К.А.Тимирязева;1;1;Москва;6;1;61.34;61.28;55.01;40.46;0;2;69;2.79;14.73;16.8;13.55;16.93;2.78;74.46;3.22;14.53;30.24;888.52;2.82;5;138.69;330942.4;10.14;100;131.48;13;0.06;16.58;0.68;3;1.18;1.66;3.62;4.74;2.21;2.52;0.09;0.05;0.24;3;5.3;1.56;6308.7;0;975.49;32.89;123.96;283.01;22.4;0;22.4;0;0;0.33;26.82;359.89;75;54.53;18.96;75.02;5.67;93.06
Российский государственный геологоразведочный университет имени Серго Орджоникидзе;1;1;Москва;5;1;66;65.86;54.71;50.32;0;1;16;3.1;8.19;10.25;55.88;62.58;3.51;13.24;3.36;5.97;12.37;281.88;2.56;4.26;107.89;47053;7.04;100;134.36;0;0.59;14.29;1.33;2;6.4;5.96;11.38;14.19;6.22;7.97;0;0;0;0;17.65;8.82;0;32905.4;893.22;31.33;88.35;229.79;19.49;0;19.49;0;0;0.22;18.91;155.9;60;47.97;27.93;74.44;4.34;79.04
Российский государственный гидрометеорологический университет;5;48;Санкт-Петербург;5;1;67.29;67.29;54.13;42.85;0;0;15;1.8;11.44;12.96;15.53;91.52;2.31;66.31;3.61;153.3;182.46;391.64;7.05;14.09;91.35;111421.7;16.27;94.25;97.87;0;0;19.68;0.75;1;3.89;2.61;10.38;11.23;3.69;7.55;0.14;0;0;0;29.41;2.35;0;21982.1;587.67;35.32;115.39;186.04;9.09;0.89;8.1;0;0.1;0.31;47.97;104.25;75;49.59;15.05;63.92;5.4;82.05
Российский государственный гуманитарный университет;1;1;Москва;5;1;81.18;81.18;67.19;49.09;0;0;0;0;17.1;20.05;54.37;54.46;3.79;72.61;0.17;11.47;16.28;2948.54;14.87;9.34;342.89;98672.4;5.17;100;114.99;0;0;14.22;0.78;13;6.65;2.22;3.32;2.43;0.93;1.5;0.93;2.64;2.2;24;4.91;1.89;460.4;11110.6;1696.77;62.32;142.98;274.8;9.13;0;9.13;0;0;0.27;37.42;137.85;70;54.85;20.2;75.3;4.63;82.72
Российский государственный педагогический университет им. А. И. Герцена;5;48;Санкт-Петербург;5;1;75.55;75.08;66.12;44.14;3;16;158;5.75;19.57;22.89;46.26;53.77;5.85;79.53;6.75;27.31;58.5;320.26;6.83;9.78;217.94;133372.5;5.51;100;73.91;7;0;10.11;0.97;3;4.61;7.01;2.02;10.21;8.75;1.46;0.38;0.34;0.57;8;15.47;0.81;0;10961.1;1126.21;50.41;172.69;192.29;10.24;0;9.89;0.35;0;0.24;39.36;266.96;75;58.09;24.25;83.78;5.35;87.28
Российский государственный социальный университет;1;1;Москва;5;1;67.47;67.47;60.9;47.44;0;0;7;0.65;15.88;16.85;40.29;59.15;2.06;94.74;0.05;27.77;132.28;11176.75;5.64;37.02;1174.94;159891.7;9.44;85.62;141.25;0;0.02;26.5;0.59;6;0;1;5.69;3.64;0.62;3.02;1.51;1.62;2.5;9;1.27;2.55;0;2578.1;2025.84;47.61;164.68;246.72;13.67;0.07;13.61;0;0;0.2;15.93;28.37;0;62.81;26.41;87.6;2.11;85.71
Российский государственный университет им.А.Н.Косыгина (Технологии. Дизайн. Искусство);1;1;Москва;5;1;67.32;67.23;59.93;52.55;2;0;13;0.93;13.07;15.46;20.37;38.6;2.83;67.85;0.16;25.72;59.65;265.66;17.52;27.28;107.55;67940.9;6.39;98.53;150.66;0;0;10.32;0.72;2;0.89;0.39;4.81;3.84;0.36;3.48;0;0;0.17;1;2.86;2.29;0;177.7;1005.55;35.19;135.29;208.54;14.39;0;14.18;0.04;0.18;0.35;22.56;186.64;0;63.9;16.05;82.39;4.74;93.23
Российский государственный университет нефти и газа  имени И.М. Губки;1;1;Москва;5;1;82.03;80.47;62.42;53.54;2;34;338;22.9;25.29;27.85;38.07;31.05;4.82;94.22;17.11;50.32;67.73;591.7;11.97;19.73;135.79;1241527.2;30.32;84.62;1077.84;2;0;13.39;1.37;7;2.11;6.05;3.95;12.07;7.48;4.59;0.08;0.06;0.54;6;14.29;5.71;7058.5;155544.2;2943.43;64.85;187.31;512.25;16.64;0;16.64;0;0;0.59;43.54;168.85;85;51.67;21.6;72.14;7.32;79.09
Российский государственный университет туризма и сервиса;1;2;поселок Черкизово;5;1;71.94;71.94;63;43;0;0;0;0;8.36;9.03;24.62;100;0.74;84.9;0;27.33;70.11;1780.15;11.29;21.39;323.83;57802.3;9.81;77.35;16.91;1;0;16.03;0;4;0.59;1.76;13.1;9.5;0.57;8.92;0.69;0.86;1.28;2;0;0;686.4;51453.3;1971.92;56.3;193.82;292.08;25.96;0;25.96;0;0;0.35;15.06;550.96;70;59.51;15.3;67.66;2.9;83.33
Российский национальный исследовательский медицинский университет имени Н.И. Пирогова ;1;1;Москва;9;4;86.96;86.15;69.76;56.78;0;42;564;28.73;0;19.95;0;71.85;25.44;90.56;19.63;228.67;294.94;587.56;17.7;25.67;99.97;506237.1;10.44;76.76;8.38;3;0;16.97;1.64;2;1.58;4.09;2.12;17.01;14.05;2.96;0;0;0.55;11;2.61;4.23;2638.5;65981.5;740.32;27.01;101.33;644.09;23.47;0;23.47;0;0;0.49;45.66;115.66;75;52.16;27.88;80.93;17.05;64.44
Российский университет дружбы народов;1;1;Москва;5;1;77.88;76.56;62.72;46.15;16;24;53;1.41;17.27;27.26;34.23;46.45;14.7;96.71;1.9;86.16;116.58;296.88;25.99;33.43;395.88;344150.2;4.35;99.49;112.77;6;0;19.2;3.53;27;4.37;14.68;10.38;22.56;15.52;7.04;2.33;2.16;1.09;23;21.34;12.56;5260.8;653601.2;3084.65;70.35;189.35;405.66;17.32;0;11.29;0;0;0.24;34.42;94.65;65;52.61;18.42;70.56;5.63;72.31
Российский экономический университет имени Г.В. Плеханова;1;1;Москва;5;1;84.48;83.82;66.72;50.07;2;33;58;2.07;16.52;18.73;100;73.72;3.39;80.56;1.36;11.4;34.21;983.78;11.4;31.63;1281.54;167317.4;3.22;93.52;104.62;0;0;23.72;1.58;14;4.37;2.47;3.06;4.35;2.14;2.2;1.62;1.3;2.32;20;6.78;3.39;6243.3;60.6;2526.5;54.57;163.06;331.64;9.98;0;9.98;0;0;0.27;1.73;38.93;80;61.44;22.75;84.65;4.61;94.81
Ростовский государственный медицинский университет Министерства здравоохранения Российской Федерации;6;62;Ростов-на-Дону;9;4;81.24;81.24;66.3;38.98;0;0;396;32.86;0;17.2;0;50.2;23.21;90.47;33.26;63.47;66.33;535.31;5.19;6.49;150.18;43970.6;2.23;100;43.21;0;0;12.78;1.09;3;2.6;5.59;1.82;8.82;7.89;0.94;0;0;0.56;5;2.34;2.57;0;44705.9;1208.6;47.31;158.18;345.07;16.43;0;15.14;1.29;0;0.25;33.36;107.92;0;53.04;19.21;72.35;9.61;72.41
Ростовский государственный экономический университет (РИНХ);6;62;Ростов-на-Дону;5;1;72.73;72.73;59.23;43.02;0;0;2;0.18;12.17;13.68;23.19;71.12;4.21;91.33;1.19;0.39;7.32;307.37;5.39;12.52;492.06;28351.6;3.18;100;50.51;0;0;25.38;2.23;6;2.89;0.74;5.7;4.95;1.58;3.37;0.13;0;0.33;0;3.95;0.88;0;0;1114.59;64.91;174.34;164.74;10.45;0;10.37;0;0.08;0.34;53.7;168.34;70;59.51;23.06;82.29;3.63;89.63
Рязанский государственный агротехнологический университет имени П.А. Костычева;1;40;Рязань;6;3;54.25;54.25;51.28;40.91;0;0;22;4.51;8.62;11.55;16.33;30.19;3.88;89.02;1.48;0;0.9;5179.71;0.45;0.9;303.49;35583.3;7.92;100;37.28;0;0;20.43;2.31;2;0;0.36;4.23;3.43;0.18;3.26;0;0;0;0;0;0;0;5672.9;604.78;29.86;183.59;177.99;21.77;0;21.77;0;0;0.46;29.68;292.87;70;61.49;18.62;79.53;3.61;92.31
Рязанский государственный медицинский университет имени академика И.П. Павлова ;1;40;Рязань;9;4;80.65;80.65;63.37;40.69;0;0;298;23.14;0.44;11.81;50;20.94;13.32;95.39;23.82;14.78;8.73;1906.84;4.1;31.17;254.54;43580.3;4.22;98.95;26.1;0;0;18.92;1.59;3;2.67;11.78;3.98;17.38;14.82;2.56;0;0;0.7;5;4.86;3.02;12382.5;0;1095.06;59.53;158.23;180.69;12.86;0;9.41;3.45;0;0.2;63.7;129.11;85;60.47;13.46;76.61;6.83;69.96
Самарский государственный медицинский университет Министерства здравоохранения Российской Федерации;9;81;Самара;9;4;79.71;79.71;60.33;49.22;0;0;347;31.81;0;15.28;0;6.79;18.94;96.58;25.19;10.63;196.69;773.53;2.01;10.83;202.11;215165.7;8.15;100;412.15;8;0;22.5;6.48;2;12.03;0.41;5.98;8.09;0.84;7.25;0.14;0.29;0;0;0.66;2.82;0;0;3064.98;57.91;180.92;469.52;19;0;16.87;0;2.13;0.2;58.31;67.18;0;54.24;24.81;81.49;6.67;87.96
Самарский государственный технический университет;9;81;Самара;5;1;64.72;64.68;58.86;45.99;0;2;80;3.27;9.06;11.8;8.95;19.55;3.79;85.08;2.33;61.98;83.08;1259.9;14.51;22.2;249.24;376518.9;15.18;88.4;196.42;2;0;15.23;2.89;5;5.49;0.16;2;1.22;0;1.22;0.16;0.01;0.28;4;0.22;0.44;0;13242.6;961.32;48.41;186.46;210.6;11.7;0;11.69;0;0.01;0.32;34.38;145.53;0;54.34;12.04;66.78;4.57;84.34
Самарский национальный исследовательский университет имени академика С.П. Королева;9;81;Самара;5;1;73.37;73.08;67.54;56.37;1;15;148;6.99;14.81;18.31;15.61;83.68;4.67;89.03;10.02;225.2;400.53;675.44;32.91;60.71;276.23;794919.4;27.38;96.88;197.51;1;0;23.26;1.08;17;6.04;1.76;2.97;2.7;0.6;2.11;0;0.01;1.96;17;1.53;1.53;523.8;0;603.06;25.07;248.96;277.41;14.8;14.64;0.09;0;0.07;0.32;19.16;203.51;90;55.55;18.83;74.22;6.56;89.66
Санкт-Петербургская государственная химико-фармацевтическая академия;5;48;Санкт-Петербург;9;1;78.17;78.06;65.88;48.33;0;1;84;17.95;4.92;10.09;4.92;71.07;6.81;95.69;14.04;103.72;193.8;397.11;4.13;7.85;39.26;48094.5;11.19;85.45;165.7;0;0;65.86;0.85;0;5.79;14.08;5.04;20.16;15.37;4.79;0;0;0;0;15.33;3.33;0;45855.7;1025.88;37.46;134.17;301.06;21.31;0;9.18;12.13;0;0.26;82.95;140.9;0;56.1;14.15;67.61;7.1;79.84
Санкт-Петербургская государственная художественно-промышленная академия имени А.Л. Штиглица;5;48;Санкт-Петербург;5;2;76.27;76.27;68.34;52.03;0;0;0;0;10.21;11.78;49.43;90.79;1.77;40.21;0;0;0;178.72;0;1;25.03;9520.6;2.74;100;2.59;1;0;5.13;0;0;0;2.93;4.64;3.29;2.31;0.99;1.08;0.7;0;0;26.09;4.35;0;4202.4;581.72;33.44;138.19;268;21.96;0;21.96;0;0;0.35;49.32;186.59;55;15.39;2.38;16.86;2.69;94.44
Санкт-Петербургский горный университет;5;48;Санкт-Петербург;5;1;74.17;73.79;62.13;58.91;7;11;136;8.6;7;11.84;15.75;24;5.69;99.63;9.14;19.91;66.01;515.41;14.73;49.51;242.5;1301250;34.93;99.08;1586.5;0;0;28.74;4.94;1;12.41;4.91;2;7.55;5.09;2.46;0.44;0.49;1.56;12;7.16;2.72;29291.7;32285.8;2435.33;47.93;200.01;523.65;23.45;0;23.45;0;0;0.52;41.98;143.92;80;72.72;16.67;88.97;9.15;91.34
Санкт-Петербургский государственный аграрный университет;5;48;Санкт-Петербург;6;1;58.14;58.14;54.79;39.41;0;0;27;4.75;13.51;16.2;8.81;69.5;3.62;93.54;0.91;0;3.78;260.95;2.04;2.33;123.93;60947.3;5.57;100;170.76;0;0;9.18;0.84;1;0.58;2.13;10.31;15.32;2.92;12.4;0.11;0;0.74;0;2.63;2.63;1311.2;0;792.62;24.89;179.28;347.67;30.04;0;30.04;0;0;0.3;14;83.66;70;60.52;20.64;83.04;5.37;89.59
Санкт-Петербургский государственный архитектурно-строительный университет;5;48;Санкт-Петербург;5;1;72.7;72.7;63.37;49.4;0;0;23;1.12;15.19;16.07;42.57;94.45;1.81;99.22;1.3;35.35;109.13;615.18;4.23;19.4;165.61;95882.5;7.39;63.13;211.82;0;0;14.82;1.09;3;5.19;2.01;5.1;4.02;1.34;2.68;0.1;0.03;0.18;1;5.17;1.15;0;0;1734.27;57.55;167.15;163.08;7;0;6.92;0.08;0;0.2;33.35;93.19;80;51.92;15.18;66.73;2.75;98.03
Санкт-Петербургский государственный институт культуры;5;48;Санкт-Петербург;3;2;74.33;74.33;65.49;56.72;0;0;12;1.46;6.55;8.24;39.76;50.46;4.16;71.54;0;0;0;382.57;0;1.74;127.52;53463.5;6.58;100;78.54;0;0;8.03;0.61;3;0;2.87;5.52;4.29;1.7;2.6;0.17;0.03;0.24;1;1.49;3.73;0;0;1167.79;49.48;168.57;252.52;7.53;0;7.53;0;0;0.26;64.24;126.51;75;42.7;12.93;58.3;3.72;80.29
Санкт-Петербургский государственный лесотехнический университет имени С.М. Кирова;5;48;Санкт-Петербург;5;1;59.84;59.84;53.92;44.12;0;0;4;0.54;8.4;11.25;17.65;82.93;3.51;100;0.82;167.7;178.82;608.7;17.98;20.92;236.35;67472.9;9.24;57.95;117.9;5;0.02;7.91;1.87;1;7.52;1.26;6.59;5.9;1.44;4.46;0.24;0.2;0;0;31.25;1.79;2946.4;26397.8;791.08;33.16;111.46;228.88;24.59;0;24.59;0;0;0.38;30.96;341.84;75;65.07;16.54;82.6;4.53;90.65
Санкт-Петербургский государственный морской технический университет;5;48;Санкт-Петербург;5;1;58.33;58.33;54.12;39.51;0;0;89;10.36;16.33;18.54;13.8;24.32;3.54;77.86;7.91;11.88;4.75;112.14;13.3;0.71;48.47;621349.4;44.77;89.75;1738.49;0;0;7.54;0.71;1;0;1.45;5.81;6.4;5.51;0.89;0;0;0.18;0;20.74;1.48;8456.3;13996.9;2213.79;55.95;156.92;436.5;21.87;0;21.87;0;0;0.17;34.85;281.89;80;54.87;16.84;68.84;6.5;74.37
Санкт-Петербургский государственный педиатрический медицинский университет;5;48;Санкт-Петербург;9;4;86.61;86.34;70.15;54.62;6;0;178;22.5;0.43;22.25;100;37.64;28.93;90.26;16.06;86.05;87.48;201.58;14.42;30.9;94.93;140676.6;4.91;100;59.71;0;0;13.26;2.09;1;4.28;2.28;7.23;10.8;2.79;8.01;0;0;0;0;5.53;7.26;0;2230;2027.12;44.63;134.22;716.73;26.24;0;16.56;0;0;0.33;57.98;154.35;0;54.56;20.6;77.47;11.86;60.63
Санкт-Петербургский государственный университет;5;48;Санкт-Петербург;11;1;90.41;88.33;78.8;69.82;111;231;9;0.28;27.64;35.42;39.53;40.3;12.55;88.45;0;719.8;899.68;2240.48;53.03;66.49;203.12;1882335.4;15.13;99.35;22.59;12;0.8;16.89;1.5;25;9.17;5.57;3.76;7.82;4.79;3.04;3.15;3.81;1.43;76;8.14;4.54;28591;195596;584.88;20.3;162.72;662.37;30.55;0;30.55;0;0;0.63;46.24;369.85;70;52.13;24.94;76.88;17.2;81.69
Санкт-Петербургский государственный университет аэрокосмического приборостроения;5;48;Санкт-Петербург;5;1;72.53;72.53;65.52;51.65;0;0;657;32.38;13.11;14.4;17.66;93.32;2.02;25.13;31.54;41.75;246.7;364.18;9.22;19.88;183.08;149970.5;9.25;99;198.1;4;0;12.5;0.86;5;6.51;2.72;5.44;9.48;5.37;4.11;0.12;0.01;0.47;0;10.98;2.89;14457.4;64956.2;1322.98;45.13;164.95;189.13;7.24;0;7.24;0;0;0.36;1.79;195.95;75;54.25;19.32;74.37;3.38;71.31
Санкт-Петербургский государственный университет гражданской авиации;5;48;Санкт-Петербург;10;6;68.62;68.54;58.78;45.26;0;1;143;22.88;0.64;2.95;0;77.22;3.18;94.44;11.94;22.72;23.37;310.94;9.74;21.1;78.55;95223.6;3.2;100;146.36;0;0;7.17;0.69;2;1.3;1.06;11.1;11.49;0.95;10.54;0;0;0.65;2;2.15;6.45;0;12512.6;3211.63;33.25;170.19;1018.36;18.5;0;18.5;0;0;0.53;73.41;225.07;0;56.96;11.46;64.78;3.38;94.43
Санкт-Петербургский государственный университет промышленных технологий и дизайна;5;48;Санкт-Петербург;5;1;74.48;65.27;62.76;46.97;14;160;10;0.57;12.76;14.25;26.41;36.55;2.32;73.69;0.97;153.2;156.36;607.88;23.87;24.39;110.73;248795.5;15.86;98.95;405.67;0;0;18.83;0.85;6;2.28;0.91;8.13;5.38;0.65;4.74;3.76;3.73;0.41;3;1.12;3.37;5984;31913.2;1409.85;51.2;169.19;204.6;18.59;0;18.59;0;0;0.44;45.15;298.58;75;76.58;19.08;95.6;4.67;96.63
Санкт-Петербургский государственный университет телекоммуникаций им. проф. М.А. Бонч-Бруевича;5;48;Санкт-Петербург;13;1;71.35;71.35;56.77;41.96;0;0;54;3.86;13.04;15.05;50.53;29.92;2.74;85.61;3.83;23.45;27.28;302.19;12.92;17.71;208.4;88198.9;7.75;89.91;103.49;5;0.11;14.35;1.07;2;3.59;1.28;4.39;4.46;1.32;3.14;0.24;0.78;0.43;0;14.58;3.47;6959.8;26898.4;1373.29;50.46;166.58;216.59;20.04;0;19.67;0;0.37;1.16;49.97;98.24;0;66.92;12.86;74.56;4.85;80.77
Санкт-Петербургский государственный экономический университет;5;48;Санкт-Петербург;5;1;80.22;79.77;67.09;50.7;0;13;43;2.02;22.72;25.71;42.69;41.18;4.43;99.26;0.88;26.96;7.48;7649.27;1.54;6.89;109.98;32510;1.58;100;43.28;0;0;14.37;1.72;9;1.19;4.09;3.27;6.91;3.05;3.85;1.46;2.7;0.25;3;5.93;3.39;682.5;9741.2;1979.42;71.51;170.48;218.9;12.05;0;11.44;0;0.61;0.6;24.69;163.41;0;57.59;23.9;85.87;4.62;79.1
Санкт-Петербургский государственный электротехнический университет ЛЭТИ им. В.И. Ульянова;5;48;Санкт-Петербург;5;1;79.25;78.87;63.81;45.92;1;15;183;10.34;20.88;23.35;25.06;26.12;3.74;63.33;9.18;189.07;236.51;813.47;45.74;59.21;162.69;607867.8;32.78;92.01;622.15;0;0.11;20.17;2.18;4;5.55;1.96;14.01;13.62;2.89;10.73;0.23;0.09;0.08;1;17.67;1.41;11870.3;2715.9;921.23;38.54;161.77;278.66;11.2;0;10.93;0.22;0.05;0.46;29.67;133.72;75;55.42;17.61;73.12;7.74;71.02
Санкт-Петербургский национальный исследовательский университет информационных технологий; механики и оптики;5;48;Санкт-Петербург;5;1;87.01;83.72;74.33;66.09;5;193;36;2.37;41.88;46.49;53.43;44.98;8.63;100;2.21;556.34;677.28;1122.05;178.89;226.66;183.46;2075250.1;41.54;91.64;853.76;3;0;30.13;3.41;7;15.81;2.39;10.06;13.27;1.65;11.61;0.85;0.41;3.93;22;7.16;6.28;39918.4;47202.3;2060.19;32.41;258.95;515.98;11.05;0;10.95;0.05;0.05;0.38;11.75;236.29;75;57.21;21.05;76.23;5.77
Санкт-Петербургский политехнический университет Петра Великого;5;48;Санкт-Петербург;5;1;78.08;77.31;66.24;55.22;2;82;238;5;19.58;22.46;36.87;89.79;4.3;86.99;6;561.21;602.94;1287.44;46.78;66.1;203.55;1363474.3;17.19;88.15;310.03;5;0.01;20.15;0.98;16;3.61;7.13;5.16;8.08;4.06;4.02;1.72;1.69;2.78;83;8.97;1.07;36237;13620.5;1225.63;40.71;172.34;364.15;14.65;0;14.63;0;0;0.37;60.24;166.26;75;47.46;16.71;63.86;5.91;87.31
Саратовский государственный медицинский университет имени В.И. Разумовского;9;82;Саратов;9;4;80.17;80.17;62.21;45.71;0;0;325;26.79;0;12.17;0;6.91;15.58;94.59;22.53;23.71;38.11;236.34;5.41;7.37;211.59;66550.3;1.47;99.71;14.39;1;0;20.1;1.32;3;1.5;5.4;11.45;12.43;7.14;5.29;0;0;0;0;4.19;1.27;0;0;2860.18;53.48;150.48;704.8;17.71;0;17.27;0;0;0.24;44.47;81.55;80;55.07;20.12;75.67;9.53;92.23
Саратовский государственный технический университет имени Гагарина Ю.А.;9;82;Саратов;5;1;63.23;63.19;52.48;43;0;1;116;9.26;14.11;17.69;18.56;21.43;4.98;94.12;5.78;109.96;134.64;440.11;15.43;28.19;168.58;127573.7;11.13;99.65;31.92;9;0.01;28.19;2.34;7;7.43;1.05;2.75;2.8;0;2.8;0.06;0.03;0.47;4;0.3;3.88;0;55;635.54;39.54;179.81;170.28;12.22;0;12.22;0;0;0.45;52.78;185.81;70;54.01;24.31;78.42;5.01;85.54
Саратовский национальный исследовательский государственный университет имени Н.Г. Чернышевского;9;82;Саратов;5;1;65.69;65.67;58.84;33.09;1;0;6;0.25;15.51;18.73;28.39;42.22;4.35;51.64;1.36;180.58;205.4;310.84;36.74;47.3;440.61;338163.5;16.63;99.38;196.89;4;0.6;18.45;0.56;16;11.14;1.7;4.1;4.16;0.88;3.28;0.03;0.09;0.16;0;5.72;1.69;0;47990;591.14;29.76;181.4;187.33;11.16;0;10.54;0;0.62;0.43;48.23;297.64;75;58.82;24.3;84.32;4.7;88.17
Северный (Арктический) федеральный университет имени М. В. Ломоносова.;5;46;Архангельск;5;1;62.73;62.62;58.1;43.66;1;2;127;7.75;16;18.72;18.42;11.67;3.64;75.16;6.17;16.27;26.75;566.38;7.53;11.14;392.79;198565.8;7.75;85.9;175.33;0;0;12.89;1.16;5;6.11;1.88;3.74;1.07;0.66;0.41;4.28;1.84;0.75;0;1.14;3.04;5054.2;12751.9;630.19;22.53;136.7;354.18;17.9;0.5;17.4;0;0;0.58;55.08;167.2;0;60.45;11.38;71.1;6.18;92.35
Северный государственный медицинский университет;5;46;Архангельск;9;4;75.15;75.08;61.14;52.76;0;1;218;35.22;0.05;15.83;0;83.11;19.71;98.24;29.29;411.47;456.69;832.62;15.07;8.1;206.52;45610.2;5.62;0;45.33;0;0;11.98;0.89;1;5.62;11.12;0.35;7.65;7.62;0.03;0;0;0.2;0;0.88;0;17814.4;49451;581.14;31.82;161.28;281.18;15.38;0;11.75;3.63;0;0.42;49.55;145.67;95;58.1;22.16;80.31;10.39;69.7
Северо-Западный государственный медицинский университет имени И.И. Мечникова ;5;48;Санкт-Петербург;9;4;88.16;88.16;67.43;53.87;0;0;290;32.12;0.64;29.9;100;77.11;44.85;97.04;27.69;0;86.1;437.89;4.98;16.63;100.42;112802.9;2.51;100;45.08;0;0;5.92;1.48;5;2.22;1.88;6.45;14.19;5.02;9.17;0;0;0.07;1;4.1;8.8;7010.6;72840.6;2107.93;52.26;132.56;1005.19;26.36;0;26.36;0;0;0.89;35.06;127.81;0;60.19;27.49;89.01;21.85;56.89
Северо-Кавказский горно-металлургический институт (государственный технологический университет);7;67;Владикавказ;5;1;54.82;54.82;52.95;42.7;0;0;22;2.59;15;16.31;100;87.81;2.63;76.85;2.11;2.76;9.04;222.39;3.77;9.79;217.12;23564.1;4.35;99.92;0.29;0;0;12.16;0.54;2;0.75;1.28;0.31;0.96;0.72;0.24;0;0;0.23;0;0;0;0;1549.2;401.5;29.54;152.99;130.79;20.35;0;20.35;0;0;0.35;33.88;109.15;35;51.62;14.48;66.15;4.62;83.33
Северо-Кавказский федеральный университет;7;68;Ставрополь;5;1;69.31;69.27;55.58;42.64;1;0;209;7.99;20.66;23.65;82.64;30.77;4.78;94.86;6.97;31.61;45;1177.84;6.42;14.7;353.48;168069;6.08;100;50.2;5;0;25.02;0.79;4;1.86;3.4;5.5;2.09;0.52;1.57;0.22;0;0.07;0;2.12;0.88;0;0;420.21;22.02;161.47;233.3;10.44;0;10.44;0;0;0.39;76.02;118.09;0;67.89;16.7;85.2;6.98;84.21
Сибирский государственный автомобильно-дорожный университет (СибАДИ);3;15;Омск;5;1;54.88;54.88;47.6;41.23;0;0;11;1.73;8.59;9.45;7.69;23.99;0.95;95.62;1.13;0.81;5.95;1729.94;2.98;5.14;517.93;29375.6;4.84;93.65;68.54;0;0;16.47;0.6;2;1.35;0.03;7.11;2.18;0;2.18;0;0;0;0;0;0;0;0;494.74;28.83;180.77;172.69;11.45;0;11.45;0;0;0.36;35.55;170.9;0;62.62;10.93;74.36;4.05;97.07
Сибирский государственный аэрокосмический университет имени академика М.Ф. Решетнева;3;13;Красноярск;5;1;59.65;59.57;53.17;41.97;0;2;180;7.45;14.33;16.37;27.49;40;2.74;68.85;10.13;89.23;95.6;392.24;21.36;20.13;159.56;198814.2;7.9;100;78.52;0;0;12.72;0.42;4;2.98;0.21;3.89;0.39;0;0.39;0.13;0.22;0.53;0;1.39;0;0;7715.2;690.6;26.73;163.67;240.06;14.81;0;14.4;0;0.41;0.31;32.26;167.16;75;59.64;12.5;71.56;4.5;85.62
Сибирский государственный индустриальный университет;3;12;Новокузнецк;5;1;58.78;58.78;53.26;37.62;0;0;26;3.33;7.08;8.14;100;16.2;1.64;81.41;4.2;13.83;45.63;442.2;28.48;35.95;504.42;54296.8;7.79;99.54;41.53;0;0;20.8;2.49;12;4.42;0;13.59;4.43;0;4.43;0.03;0;0;0;0;0;282;3379.6;579.78;30.1;169.48;162.98;17.62;0;17.62;0;0;0.51;24.77;172.7;75;49.88;13.54;63.43;3.15;92.78
Сибирский государственный медицинский университет Министерства здравоохранения Российской Федерации;3;20;Томск;9;4;81.85;80.37;59.09;43.79;1;19;241;19.72;0;12.11;0;13.85;14.19;92.53;18.24;45.32;54.28;303;25.58;28.33;155.52;66704;6.72;82.19;142.64;1;0;12.85;1.38;0;4.75;1.38;19.37;8.67;0.21;8.45;0.14;0.14;0.51;4;0.15;7.57;0;3100.5;2118.83;53.08;150.65;479.01;17.19;0;17.19;0;0;0.39;57.81;173.85;90;50.68;30.24;85.01;8.72;64.71
Сибирский государственный университет геосистем и технологий;3;14;Новосибирск;5;1;66.02;66.02;57.54;56.17;0;0;38;8.52;13.21;14.42;18.75;22.85;2.23;96.09;3.55;10.55;20.75;170.21;6.68;20.4;146.3;48337.3;8.56;100;147.1;16;0;16.17;3.31;2;2.11;0.38;16.69;3.35;0;3.35;0.04;0.08;4.95;15;0;12.5;0;12455.9;825.26;41.53;161.61;196.97;12.66;0;12.55;0;0.11;0.36;28.53;99.18;70;71.14;11.45;81.22;4.29;90.75
Сибирский государственный университет путей сообщения;3;14;Новосибирск;12;1;74.52;74.52;56.97;44.64;0;0;252;18.39;6.26;7.41;9.31;85.19;1.53;96.27;27.82;4.46;6.32;415.79;2.79;3.53;136;228744.1;18.97;100;424.71;5;0.01;11.44;1.92;2;0.93;0.95;3.3;2.06;0.78;1.28;0.2;0.11;0.33;2;0;1.03;11123.2;12475.1;1510.85;67.28;197.75;191.17;9.64;0;9.64;0;0;0.35;40.97;158.13;80;56.64;9.69;65.62;4.43;95.46
Сибирский государственный университет телекоммуникаций и информатики;3;14;Новосибирск;13;1;67.98;67.98;53.57;45.29;0;0;149;16.82;8.29;11;100;62.45;3.83;70.02;6.37;13.85;21.74;49.44;18.39;11.94;0;11315.9;1.99;100;18.08;0;0;26.95;1.45;1;0;0.03;5.06;3.79;0.13;3.66;0;0;1;0;0;5.76;0;0;676.34;43.57;152.62;179.18;11.63;0;11.63;0;0;0.5;32.99;150.81;80;39.44;11.82;47.68;3.39;68.63
Сибирский государственный университет физической культуры и спорта;3;15;Омск;17;5;72.25;72.25;50.5;60.12;0;0;3;1.08;16.71;19.61;19.2;27.75;4.51;88.88;1.56;0;0;758.69;0;3.75;161.58;14053.9;3.74;100;46.31;0;0;15.25;2.58;2;1.07;0;14.41;8.68;0;8.68;0;0;0;0;0;2.78;0;514.2;509.35;25.34;154.59;235.25;24.96;0;24.8;0.11;0.06;0.43;63.1;206.91;0;61.85;10.59;70.79;5.98;87.65
Сибирский федеральный университет;3;13;Красноярск;5;1;67.57;67.39;59.73;42.17;4;10;154;2.86;14.51;17.07;24.12;84.69;3.32;92.78;6.12;299.91;401.12;2710.44;14.34;20.75;177.54;594853;8.08;91.72;178.32;10;0.01;24.1;0.99;5;6.61;0.48;1.5;0.66;0.28;0.38;0.33;0.35;0.69;0;1.13;0.76;5691.3;10680.3;624.59;21.53;157.76;346.86;13.28;0;13.1;0;0.06;0.41;16.98;90.44;0;49.74;11.99;60.23;6;83.45
Смоленская государственная академия физической культуры; спорта и туризма;1;41;Смоленск;17;5;59.26;58.09;51.81;47.8;0;0;6;2.58;7.38;8.67;24.24;68.04;1.78;89.25;6.98;0;0;155.74;7.11;0;50.4;1318.8;0.29;100;5.69;0;0;13.86;0.62;1;0;0;18.63;11.08;0;11.08;0;0;0;0;0;0;0;0;501.72;17.12;134.94;385.46;41.69;0;41.69;0;0;0.32;68.18;123.02;0;56.7;5.49;62.65;5.24
Смоленский государственный медицинский университет;1;41;Смоленск;9;4;77.19;77.19;60.22;42.32;0;0;168;17.61;0;11.38;0;6.61;13.42;95.08;19.85;30.45;27.21;285.44;5.33;4.95;65.65;43845.7;7.53;100;45.76;0;0;13.87;1.26;4;10.85;19.9;4.54;26.42;23.12;3.3;0;0;0.9;5;0.19;0.57;0;23662.5;473.74;42.77;153.66;147.91;22.58;0;8.89;13.5;0;0.16;7.35;128.2;85;59.51;17.36;78.14;9.72;86.33
Смольный институт Российской академии образования;5;48;Санкт-Петербург;1;1;0;0;83.34;66.5;0;0;0;0;1.66;1.66;0;75;0;91.08;0;4.54;2.27;866.21;0;6.8;88.44;1896;2.59;100;42.99;0;0;5.08;0;1;0;1.31;8.51;8.54;0;8.54;0;0;1.69;1;0;0;0;0;1649.18;99.18;88.7;213.4;46.16;0;0;39.17;6.98;0.63;100;23.74;0;63.72;14.74;77.14;2.16;77.59
Ставропольский государственный медицинский университет Министерства здравоохранения Российской Федерации;7;68;Ставрополь;9;4;77.29;77.29;59.17;43.38;0;0;284;29.04;0.94;17.75;23.33;27.76;22.75;92.73;27.8;15.23;25.81;476.65;4.21;18.42;179.23;46433.9;4.61;95.12;64.05;1;0;13.47;1.66;2;0;12.28;3.16;9.54;8.8;0.75;0;0;0.13;1;2.68;1.44;0;42977.4;764.16;52.37;153.29;219.53;9.58;0;7.27;2.31;0;0.24;50.19;87.37;0;57.84;15.12;75.2;10.62;71.88
Тамбовский государственный технический университет;1;42;Тамбов;5;1;60.16;60.16;56.21;42.75;0;0;72;8.83;19.44;22.38;14.85;27.27;4.66;77.24;8.25;56.53;65.78;1599.07;11.87;14.89;418.63;200444.6;22.12;77.49;276.68;4;0.21;25.27;3.03;4;6.24;8.11;1.16;7.74;6.85;0.89;0.03;0.03;0.18;0;16.67;5.56;2201.7;42940.5;887.92;46.7;174.79;222.66;22.86;0;22.54;0.19;0.12;0.52;70.73;265.76;65;63.17;18.78;82.95;5.79;90.67
Тамбовский государственный университет имени Г.Р. Державина;1;42;Тамбов;5;1;66.75;66.75;58.3;44.34;0;0;83;4.87;8.48;12.29;18.52;23.72;5.86;77.19;4.06;15.07;22.33;2408.53;17.25;22.7;310.85;119966.5;10.11;100;170.84;0;0;23.53;0.84;19;45.39;16.96;2.56;6.45;6.45;0;0.08;0.22;0.82;4;9.05;0.22;0;192464.7;1157.36;53.74;164.19;153.55;15.15;0;12.65;2.49;0;0.44;10.95;183.53;70;74.63;19.22;96.78;4.9;77.04
Тамбовское областное Тамбовский государственный музыкально-педагогический институт им. С.В. Рахманинова;1;42;Тамбов;2;2;64.29;64.29;53.7;53.33;0;0;0;0;20.52;22.86;20.83;12.9;3.04;41.83;6.6;0;0;421.05;0;7.74;205.88;4782.8;4.18;100;9.96;0;0;16.22;3.51;0;0;0;7.6;11.76;0;11.76;0;0;0;0;0;0;0;0;112.65;6.36;152.78;434.6;27.85;0;24.29;3.56;0;0.31;39.94;308.95;75;77.09;7.12;82.99;13.3;78.08
Тверской государственный медицинский университет Министерства здравоохранения Российской Федерации;1;43;Тверь;9;4;83.23;82.28;70.18;58.92;0;2;181;25.97;0;13.25;0;8.59;15.78;88.73;23.38;11.51;57.11;1716.53;3.77;15.9;68.2;55641.7;5.44;100;16.22;8;0;15.13;1.85;2;1.88;24.61;2.53;25.08;22.89;2.19;0;0;0;0;2.85;2.14;0;0;1227.95;57.37;158.84;287.76;14.66;0;12.09;2.57;0;0.3;36.31;132.09;75;54.86;17.94;73.78;9.7;90.74
Тверской государственный технический университет;1;43;Тверь;5;1;58.88;58.88;52.75;42.43;0;0;17;2.03;12.24;13.45;5.68;86.59;2.91;57.66;1.36;39.4;62.68;737.62;6.91;11.26;345.91;70080.5;11.03;96.46;108.3;3;0;10.28;1.39;3;6.14;3.72;3.77;6.05;4.26;1.79;0.22;0;0.22;1;10.17;1.69;8710.3;17413.9;636.35;38.99;173.26;157.32;15.28;0;15.28;0;0;0.2;32.61;343.5;75;57.14;17.01;73.98;3.96;94.93
Тверской государственный университет;1;43;Тверь;5;1;67.19;67.13;61.56;47.42;1;0;31;2.37;17.11;19.08;100;100;3.34;85.08;3.7;34.65;38.98;144.42;15.44;23.35;184.71;130868.7;12.61;97.02;63.63;6;0.01;12.82;1.16;17;6.97;0.47;2.63;3.03;0.56;2.48;0.4;1.12;1.04;1;0;0;461.2;17019.1;779.67;39.89;195.66;166.75;10.6;0;10.6;0;0;0.24;48.87;162.24;75;64.24;17.74;82.63;5.04;94
Тихоокеанский государственный университет;4;28;Хабаровск;5;1;61.06;60.96;56.53;42;0;2;31;1.94;12.22;13.07;12.24;92.96;1.85;81.96;3.89;8;18.13;282.45;5.63;7.63;254.44;126354.8;7.19;99.49;148.9;1;0;13.87;0.79;8;2.13;7.58;0.5;1.27;1.13;0.14;0.8;2.42;0.82;2;4.88;0;0;47183.2;1070.56;46.79;158.01;206.35;11.3;0;11.3;0;0;0.74;43.34;219.93;0;50.53;13.65;64.24;3.29;90.33
Тольяттинский государственный университет;9;81;Самара;5;1;61.09;61.09;58.98;46.06;0;0;60;5.47;17.2;17.82;24.59;75.97;1.25;93.67;3.12;47.41;53.23;458.8;8.28;13.04;209.92;98065.5;10.87;99.03;112.14;1;0;18.59;1;4;2.82;0.06;4.35;1.12;0.18;0.94;0.05;0.05;0;0;1.28;0;0;0;879.62;47.94;163.53;166.85;15.79;0;15.79;0;0;0.3;25.68;177.59;75;52.76;14.88;67.16;3.29;85.34
Томский государственный архитектурно-строительный университет;3;20;Томск;5;1;67.21;67.21;60.29;57.58;0;0;68;10.58;12.09;13.21;9.82;92.6;1.83;91.36;4.48;65.91;86.18;1072.33;33.6;41.81;350.35;44974.7;5.04;95.94;76.91;0;0;14.29;1.82;1;4.1;0.42;18.78;15.27;0.69;14.58;0;0;0.21;1;0;2.56;0;2165.7;717;31.26;156.43;209.91;13.94;0;13.94;0;0;0.28;56;161.65;70;50.09;16.97;68.26;4.36;93.4
Томский государственный педагогический университет;3;20;Томск;5;1;69.6;69.33;61.07;50.52;1;0;158;30.15;24.69;25.91;39.13;52.96;2.41;96.95;13.85;907.58;809.78;2475.96;35.21;35.53;233.41;42793;6.14;100;47.55;2;0;12.36;0.68;6;40.42;0.95;13.46;14.95;0.02;14.93;1.11;1.39;3.37;12;2.35;4.71;0;17203.4;728.84;32.06;176.18;197.96;12.56;0;12.56;0;0;0.39;48.26;262.56;80;65.12;22.05;87.32;3.96;86.59
Томский государственный университет систем управления и радиоэлектроники;3;20;Томск;5;1;68.03;67.97;56.3;44.6;0;1;54;3.97;12.01;14.33;14.58;17.83;3.47;84.65;4.04;72.97;107.15;484.76;30.48;40.27;172.73;810804.1;42.19;83.04;827.11;0;0.1;43.57;2.33;1;5.73;0.28;22.08;27.95;0.1;27.85;0.16;0.25;1.22;10;0;6.54;0;34605.7;1495.12;42.11;164.89;311.77;12.46;0;12.46;0;0;0.76;12.2;93.14;75;47.52;12.68;59.05;3.09;74.37
Тульский государственный университет;1;44;Тула;5;1;65.86;65.86;57.52;45.5;0;0;373;16.25;12.35;16.18;10.42;17.75;5.39;89.75;6.79;27.16;41.01;628.4;5.52;9.63;195.87;110888.3;6.25;100;60.11;11;0;17.09;2.14;11;3.14;3.87;3.47;9.1;5.88;3.22;0;0;0;0;4.78;3.54;4343.6;3995.5;715.23;35.4;162.76;178.22;15.75;0;15.62;0.13;0;0.35;14.26;102.37;0;56.78;21.39;90.13;4.82;76.66
Тюменский государственный университет;2;5;Тюмень;5;1;73.47;73.24;59.18;42.06;1;4;10;0.37;13.77;15.63;21.16;90.76;2.93;92.3;2.07;78.88;119.01;759.99;17.33;25.08;255;422772.6;14.59;100;450.94;7;0;21.95;0.94;10;3.19;0.24;4.86;2.13;0.42;1.71;0.57;0.34;0.97;11;2.93;3.91;7845.3;0;1837.29;55.61;165.01;277.07;15.9;0;9.72;4.89;1.29;0.27;28.05;179.99;0;56.43;15.91;74.64;3.37;77.88
Ульяновская государственная сельскохозяйственная академия имени П.А. Столыпина;9;84;Ульяновск;6;3;52.27;52.27;50.77;43.54;0;0;12;3.67;2.91;4.77;4;77.18;2.55;61.91;4.82;0;55.52;15185.06;0.66;23.79;1474.55;24174.6;6.42;100;127.82;0;0;12.14;1.63;2;3.97;0.1;10.01;3.32;0;3.32;0;0.24;0;0;0;0;0;1165.6;706.54;28.39;169.3;191.98;20.92;0;20.92;0;0;0.27;40.56;255.12;75;70.22;16.82;87.61;3;89.71
Ульяновский государственный университет;9;84;Ульяновск;5;1;63.74;63.74;56.05;46.34;0;0;135;9.18;5.65;12.08;12.2;84.69;8.01;95.8;9.8;109.66;132.08;802.42;15.36;17.12;187.25;178909.3;13.9;99.36;98.08;1;0.01;18.98;0.5;2;4.08;2.48;2.98;3.28;0.87;2.41;0.07;0;0.24;1;0;1.35;6432.6;28733.9;848.81;48.54;188.24;199.03;12.53;0;9.89;0;0.36;0.3;37.64;110.93;70;56.47;18.91;78.77;5.83;74.58
Уральский государственный аграрный университет;2;4;Екатеринбург;6;3;58.85;58.85;53.71;45.81;0;0;77;18.2;11.31;14.12;35.46;86.34;4.62;98.07;5.76;28.02;26.57;2259.9;13.04;9.18;1338.16;40307.4;8.99;95.34;123.49;9;0.27;23.14;1.01;4;1.45;0.3;4.5;1.07;0.22;0.84;0.25;0;0.78;2;3.7;2.78;1834.7;1141.9;776.55;35.84;167.37;191.78;15.63;0;15.63;0;0;0.32;70;144.72;75;64.98;20.29;84.39;3.52;78.86
Уральский государственный экономический университет;2;4;Екатеринбург;5;1;75.23;75.23;56.91;40.58;0;0;12;1.29;10.49;11.08;33.63;52.13;1.52;89.17;2.76;4.81;10.63;382.16;3.81;4.81;398.2;12683.1;1.12;98.82;8.6;0;0;19.35;2;3;1.4;0.59;2.66;1.7;0.18;1.52;0.16;0.14;0.31;0;6.17;1.23;0;14784;1838.55;80.94;157.3;213.27;6.51;0;6.18;0.31;0.02;0.32;47.3;126.37;85;57.81;12.24;70.07;2.55;69.15
Уральский федеральный университет имени первого Президента России Б.Н. Ельцина;2;4;Екатеринбург;5;1;72.46;72.23;66.13;53.2;7;17;361;6.28;16.18;19.32;21.07;22.49;3.96;91.63;7.56;308.64;369.19;1132.15;49.49;56.82;213.1;1824862.7;22.95;84.11;291.3;0;1.34;24.35;1.3;17;6.4;1.92;4.74;3.46;1.56;1.91;0.65;0.93;4.65;92;5.04;3.56;3165.9;7605.3;1103.51;43.07;203.84;312.5;10.01;0;10;0;0.01;0.55;62.77;99.15;80;47.36;13.87;60.75;5.8;74.31
Уфимский государственный нефтяной технический университет;9;77;Уфа;5;1;71.88;71.44;57.64;47.65;0;14;64;3.51;20.21;21.8;22.83;92.44;3.07;95.5;1.87;23.21;39.36;1019.99;7.28;14.46;543.08;260704.2;11.05;53.24;268.78;6;0;17.62;2.57;10;2;2.23;5.08;7.18;3.4;3.78;0.05;0.35;0.73;0;4.09;2.83;2226;68447.2;1414.33;53.16;207.2;243.13;11.79;0;11.39;0;0.4;0.49;42.57;91.41;0;57.93;15.54;77.19;4.65;85.08
Ухтинский государственный технический университет;5;56;Ухта;5;1;59.75;59.75;53.22;40.34;0;0;29;4.15;12.19;13.42;14.45;87.99;2.02;69.08;1.84;3;3.33;363.82;2;1.67;118.94;32133.6;2.86;74.26;107.71;0;0;20.13;1.13;4;0;1.85;9.93;9.42;0.6;8.82;0.08;0;0.63;2;0;0;0;946.5;1646.91;43.73;145.75;400.44;36.54;0;26.24;9.84;0.45;0.66;44.98;110.76;75;46.16;8.83;52.68;3.45;84.29
Учреждение высшего образованияУниверситет управления ТИСБИ;9;80;Казань;1;1;63.16;63.16;54.47;45.9;0;0;0;0;8.3;10.11;28.12;62.91;4.58;39.41;0;81.98;92.44;338.37;13.37;20.35;215.12;17275.8;6;100;99.47;3;0;12.21;0.86;3;0.58;0.32;1.55;3.13;0.69;2.44;0;0;0;0;1.64;0;0;2111.3;1381.88;82.55;165.27;216.15;5.36;0;0;4.67;0.69;0.28;60.12;155.81;75;66.86;16.42;74.65;3.54;67.25
Федеральное Амурский государственный университет;4;21;Благовещенск;5;1;60.35;60.35;55.14;42.55;0;0;11;1.28;9.6;10.32;23.6;92.5;1.75;71.36;6.21;23.69;40.31;205.07;3.81;10.08;220.04;48143.3;5.93;100;123.54;2;0;10.06;3.06;5;6.81;2.77;0.2;1.38;1.38;0;0.81;0.7;1.22;2;10.61;0;0;11057.7;1029.07;46.57;173.24;215.01;13.52;0;13.52;0;0;0.35;47.73;416.52;70;67.66;9.49;70.87;5.11;93.65
Омский государственный университет им. Ф.М. Достоевского;3;15;Омск;5;1;63.95;63.56;58.68;46.25;0;6;31;2.72;12.6;14.57;25.2;62.29;3.43;86.18;6.56;55.51;74.37;947.56;10.75;14.26;395.79;44772.7;4.98;99.56;41.63;0;0;13.09;1.58;7;14.92;0.1;7.25;5.29;0.26;5.03;0.44;0.33;0.16;0;0;11.5;2266.3;33076.7;833.48;42.25;171.38;154.11;10.53;0;8.78;1.3;0.45;0.25;25.02;124.22;75;59.37;19.27;78.48;4.2;86.87
Финансовый университет при Правительстве Российской Федерации;1;1;Москва;11;1;85.04;83.43;68.79;51.14;0;105;101;3.95;16.52;19.26;37.27;90.11;4.24;92.25;1.75;6.89;21.26;1169.5;7.31;15.29;1460.62;244650;5.11;98.43;78.84;8;0.02;15.75;0.54;12;2.6;3.41;4.57;4.09;1.82;2.28;1.09;0.31;0.7;9;3.4;4.34;4210.1;7607.3;2093.31;47.56;164.22;419.22;15.07;0;14.9;0.16;0.01;0.49;0.12;79.4;0;58.96;23.38;81.01;5.21;77.31
Сибирский университет потребительской кооперации;3;14;Новосибирск;1;1;0;0;50.35;46.98;0;0;0;0;3.27;3.99;100;95.88;4.09;57.6;0;0.56;1.12;200.22;0.56;2.23;322.36;15182;4.6;100;81.33;0;0;13.1;0.58;1;5.58;0;7.78;3.05;0;3.05;0.19;0.19;0;0;0;0;0;15177;1731.49;94.05;175.64;245.32;22.51;22.51;0;0;0;0.56;37.06;289.16;70;68.01;15.42;83.58;3.78;75.69
Православный Свято-Тихоновский гуманитарный университет;1;1;Москва;1;1;70.18;68.56;65.61;53.49;0;5;0;0;13.1;15.77;8.24;20.63;4.21;97.5;0;26.53;16.77;460.31;8.58;6.24;188.41;54861.3;12.44;100;187.42;132;0;14.69;3.4;6;1.95;0.55;5;6.19;0.47;5.72;0;0;0.77;3;1.96;0;99;0;1406.62;81.76;77.92;364.13;14.66;0;0;14.66;0;0.38;79.08;78.29;55;52.6;14.76;59.25;10.27;67.44
Челябинский государственный институт культуры;2;7;Челябинск;3;1;66.66;66.66;60.58;56.76;0;0;2;0.79;4.61;6.03;17.24;52.75;4.95;69.34;0;0;1.39;309.66;2.32;1.39;167.13;22032;7.96;100;102.28;0;0;10.19;1.73;1;0.93;0.21;9.96;7.98;0;7.98;0.08;0;0;0;0;18.57;0;0;439.33;26.79;147.08;249.61;12.55;0;12.51;0;0;0.33;27.05;210.27;75;40.65;7.43;49.47;3.58;87.12
Челябинский государственный университет;2;7;Челябинск;5;1;68.19;67.31;59.79;42.87;1;12;4;0.25;9.81;11.49;20.85;33.18;2.34;94.49;0.35;57.98;68.01;331.3;12.54;17.87;221.6;106739.2;9.34;100;68.06;0;0;29.99;0.8;7;6.27;0.07;3.17;1.95;0.07;1.88;0.15;0.06;0.57;0;0;4.6;0;0;1009.17;55.35;171.09;156.68;12.51;0;8.24;0;1.39;0.37;46.28;105.49;70;57.83;15.45;72.22;3.68;91.51
Чувашский государственный педагогический университет им. И.Я. Яковлева;9;85;Чебоксары;5;1;68.91;68.91;59.9;46.56;0;0;39;5.31;1.92;2.96;3.7;34.55;2.47;92.74;4.05;4.62;13.87;105.2;1.73;18.21;255.78;22076.8;4.75;100;50.98;0;0;11.67;0.99;2;2.6;0.03;9.86;8.5;0;8.5;0;0;0;0;1.25;0;1380;15178.4;506.24;37.72;149.63;143.09;17.5;0;17.5;0;0;0.22;1.87;237.31;75;70.68;11.16;81.88;4.9;96.13
Чувашский государственный университет имени И.Н. Ульянова;9;85;Чебоксары;5;1;69.71;69.65;60.49;49.45;0;2;141;6.66;6.17;10.64;10.71;75.9;5.92;89.58;7.24;32.82;47.54;661.76;6.86;10.86;318.34;52497.1;3.65;100;60.41;0;0;10.83;1.03;5;3.37;3.41;4.75;3.1;2.64;0.46;0.18;0.16;0.2;1;2.68;2.52;0;80634.9;817.04;45.58;176.05;142.78;10.36;0;10.36;0;0;0.21;45.67;167.11;70;54.33;12.14;67.43;3.12;87.73
Юго-Западный государственный университет;1;37;Курск;5;1;68.25;68.25;56.85;48.43;0;0;29;2.39;14.83;18.07;14.46;88.79;5.92;84.11;4;52.36;124.61;3363.96;20.28;27.46;476.64;217934.7;19.61;99.59;241.06;11;0.22;24.4;1.09;7;6.42;2.55;2.22;4.32;3.82;0.5;0.35;0.34;1.13;7;3.12;0.78;2958;24172;902.51;60.77;202.78;178.53;8.2;0;8.2;0;0;0.27;62.8;224.38;65;63.18;16.11;81.08;5.56;81.5
Южно-Российский государственный политехнический университет (НПИ) имени М.И. Платова;6;62;Новочеркасск;5;1;57.84;57.84;50.81;41.01;0;0;91;7.3;19.16;20.44;5.78;11.85;2.14;83.58;5.95;36.02;91.08;889.4;9.84;18.41;113.14;144425.4;10.59;100;223.26;1;0;14.84;1.23;4;3.49;0.52;3.43;3.03;1.87;1.16;0;0;0.12;1;10.39;1.3;0;11649.8;652.78;28.27;170.8;202.6;12.89;0;12.89;0;0;0.3;41.11;373.58;70;57.58;15.84;73.8;4.76;87.27
Южно-Уральский государственный гуманитарно-педагогический университет;2;7;Челябинск;5;1;68.95;68.95;59.36;49.89;0;0;107;13.39;8.5;9.71;25.2;70.74;4.54;95.16;3.49;14.45;25.22;766.01;3.92;8.33;536.06;38771.2;4.76;100;86.78;21;0;11.66;2.49;3;9.55;0.66;3.5;2.25;0.03;2.22;0.08;0;0.45;2;0.99;7.43;0;0;971.28;48.69;158.18;182.98;8.41;0;8.41;0;0;0.28;32.81;182.77;80;65.92;16.25;81.96;3.01;99.31
Южно-Уральский государственный университет (национальный исследовательский университет);2;7;Челябинск;5;1;66;65.73;57.49;43.11;0;13;98;2.47;12.95;15.34;24.58;36.83;3.29;85.08;3.67;47.53;79.98;1183.9;15.48;24.54;236.36;630021.3;17.63;95.08;204.25;11;0;17.59;1.65;27;3.78;1.53;7.54;7.42;2.38;5.04;0.59;0.78;1.39;27;8.46;4.06;4294.5;71716;786.34;44.2;173.81;199.21;9.6;0;9.45;0.05;0.1;0.41;28.81;113.21;0;47.6;12.6;60.13;4.21;88.34
Южный федеральный университет;6;62;Ростов-на-Дону;5;1;73.85;73.48;69.83;60.53;0;20;213;8.18;26.16;30.12;18.86;88.8;5.75;83.23;5.71;235.63;279.87;1700.01;31.11;39.46;365.18;1296558.6;26.62;99.84;260.43;1;5.5;24.89;0.88;21;25.59;2.35;5.35;3.08;1.3;1.78;0.44;0.25;1.08;30;4.98;2.34;0;175;686.42;32.71;194.49;284.78;16.6;0;16.3;0.26;0.05;0.61;56.99;204.39;70;56.85;16.26;73.12;7.2;94.73
